,User_Id,User_items,Predicted_items,Predicted_probs
0,550,"[87, 62, 31]","[31, 48, 14, 30, 436]","[0.9994048476219177, 0.9993146657943726, 0.9992289543151855, 0.9989893436431885, 0.9982599020004272]"
1,540,"[49, 5, 24]","[24, 383, 49, 256, 473]","[0.9991554021835327, 0.997742772102356, 0.9973983764648438, 0.9971978068351746, 0.9958282709121704]"
2,532,"[78, 4, 159]","[78, 151, 62, 159, 466]","[0.9995691776275635, 0.9973145127296448, 0.9967899322509766, 0.9965806007385254, 0.9960590600967407]"
3,692,"[89, 256, 95]","[119, 8, 30, 133, 60]","[0.9997334480285645, 0.9996240139007568, 0.9988934993743896, 0.9984862804412842, 0.9984462261199951]"
4,710,"[124, 19, 424]","[6, 119, 124, 17, 77]","[0.9996844530105591, 0.9995675683021545, 0.9987031817436218, 0.9981563091278076, 0.9981443881988525]"
5,302,"[136, 501, 40]","[136, 40, 435, 12, 26]","[0.9827221035957336, 0.9657770991325378, 0.9133976697921753, 0.810100793838501, 0.8057730793952942]"
6,586,"[87, 31, 161]","[31, 161, 87, 167, 147]","[0.9994888305664062, 0.9984197616577148, 0.9983240365982056, 0.9945586919784546, 0.9930641651153564]"
7,587,"[156, 215, 460]","[208, 156, 224, 155, 167]","[0.9978795051574707, 0.9978345632553101, 0.9964425563812256, 0.9958184957504272, 0.9956779479980469]"
8,588,"[77, 65, 119]","[119, 77, 65, 123, 161]","[0.9997799396514893, 0.9992554187774658, 0.9991946816444397, 0.998708188533783, 0.9982787370681763]"
9,589,"[62, 70, 63]","[70, 122, 436, 56, 62]","[0.999700665473938, 0.998496413230896, 0.9980669021606445, 0.9977297782897949, 0.9970412254333496]"
10,338,"[31, 73, 309]","[31, 160, 309, 61, 122]","[0.979573667049408, 0.9134535789489746, 0.8320374488830566, 0.8185133934020996, 0.8174047470092773]"
11,546,"[48, 6, 75]","[6, 48, 75, 90, 161]","[0.9997901916503906, 0.9992303848266602, 0.9992058277130127, 0.998201847076416, 0.9980689287185669]"
12,340,"[79, 39, 90]","[90, 39, 451, 105, 117]","[0.9796980619430542, 0.9789941310882568, 0.802275538444519, 0.7282518744468689, 0.6901940107345581]"
13,341,"[84, 38, 8]","[38, 8, 2, 84, 28]","[0.9731719493865967, 0.9115715026855469, 0.8812100887298584, 0.8716193437576294, 0.8382910490036011]"
14,342,"[84, 39, 70]","[84, 70, 435, 39, 63]","[0.9985460042953491, 0.9984108209609985, 0.9886534214019775, 0.963092565536499, 0.8861662149429321]"
15,344,"[123, 499, 75]","[75, 123, 382, 12, 381]","[0.9903980493545532, 0.9724053740501404, 0.8968333005905151, 0.8941966891288757, 0.8879534006118774]"
16,542,"[119, 285, 68]","[119, 68, 63, 98, 473]","[0.9997304677963257, 0.9994767904281616, 0.9976204633712769, 0.9948536157608032, 0.9947469234466553]"
17,544,"[65, 74, 40]","[65, 40, 3, 380, 208]","[0.9992926716804504, 0.9990887641906738, 0.9987411499023438, 0.9984898567199707, 0.998017430305481]"
18,345,"[73, 309, 61]","[61, 309, 73, 90, 161]","[0.9498720169067383, 0.9477941989898682, 0.943364679813385, 0.9395759105682373, 0.869976818561554]"
19,346,"[103, 6, 499]","[6, 35, 63, 103, 384]","[0.9993265867233276, 0.9664996862411499, 0.8683955073356628, 0.8629604578018188, 0.8299592733383179]"
20,347,"[78, 66, 28]","[78, 28, 93, 66, 56]","[0.9979056119918823, 0.9951000213623047, 0.9683063626289368, 0.9629371762275696, 0.9501179456710815]"
21,566,"[68, 201, 6]","[6, 68, 201, 332, 402]","[0.999763548374176, 0.999390721321106, 0.9993127584457397, 0.9960793852806091, 0.9960784316062927]"
22,547,"[78, 105, 48]","[78, 48, 382, 23, 179]","[0.9995546936988831, 0.9992576241493225, 0.9978489875793457, 0.99765944480896, 0.9974448680877686]"
23,548,"[68, 435, 53]","[68, 53, 435, 90, 127]","[0.9994069933891296, 0.9992542862892151, 0.9986577033996582, 0.9981217980384827, 0.9971644878387451]"
24,503,"[258, 3, 17]","[30, 17, 3, 380, 104]","[0.9748315811157227, 0.9671064615249634, 0.9592909216880798, 0.8306187391281128, 0.7418187856674194]"
25,349,"[57, 178, 256]","[178, 39, 59, 382, 208]","[0.9568537473678589, 0.9179075360298157, 0.8838186264038086, 0.8249953985214233, 0.821928858757019]"
26,351,"[6, 463, 37]","[6, 37, 170, 3, 15]","[0.9912300109863281, 0.9176087379455566, 0.9052313566207886, 0.8499550819396973, 0.8421880602836609]"
27,533,"[89, 31, 73]","[31, 89, 73, 130, 50]","[0.9994934797286987, 0.998711347579956, 0.9977309703826904, 0.9968329071998596, 0.9958465099334717]"
28,537,"[158, 187, 178]","[161, 178, 35, 179, 50]","[0.9983403086662292, 0.9981194138526917, 0.9974973201751709, 0.997363805770874, 0.9942188858985901]"
29,534,"[164, 31, 43]","[31, 43, 383, 51, 140]","[0.9994126558303833, 0.9985449910163879, 0.9960214495658875, 0.9954243302345276, 0.9921690225601196]"
30,303,"[119, 130, 25]","[119, 25, 213, 103, 130]","[0.9993546009063721, 0.9725255966186523, 0.967181921005249, 0.9271562099456787, 0.9121993780136108]"
31,1,"[69, 5, 224]","[55, 24, 72, 76, 61]","[0.9728662967681885, 0.9686120748519897, 0.949474573135376, 0.9404929876327515, 0.9215877056121826]"
32,591,"[68, 35, 22]","[68, 83, 15, 90, 206]","[0.9995230436325073, 0.9992606043815613, 0.9991084337234497, 0.998581051826477, 0.9981620907783508]"
33,592,"[119, 15, 48]","[119, 48, 170, 15, 161]","[0.999770998954773, 0.9993875026702881, 0.9991751313209534, 0.9991525411605835, 0.9983834624290466]"
34,539,"[291, 165, 6]","[6, 8, 291, 50, 340]","[0.9998009204864502, 0.9996437430381775, 0.996010959148407, 0.9959205389022827, 0.9958068132400513]"
35,545,"[60, 148, 130]","[60, 130, 466, 190, 147]","[0.998808741569519, 0.9958193302154541, 0.9947207570075989, 0.993301272392273, 0.9932703971862793]"
36,506,"[100, 2, 39]","[100, 2, 39, 10, 439]","[0.998888373374939, 0.9979069232940674, 0.9684385061264038, 0.887539803981781, 0.8706179857254028]"
37,672,"[379, 119, 39]","[119, 1, 31, 124, 21]","[0.9997698068618774, 0.9994995594024658, 0.9994882941246033, 0.9994242191314697, 0.9994000792503357]"
38,720,"[106, 124, 19]","[2, 88, 124, 21, 77]","[0.9993550777435303, 0.999340295791626, 0.9991353750228882, 0.9990874528884888, 0.9987950325012207]"
39,721,"[42, 381, 387]","[80, 30, 19, 161, 42]","[0.9994921088218689, 0.9989196062088013, 0.9988487958908081, 0.9980164766311646, 0.9975202083587646]"
40,625,"[73, 95, 88]","[88, 63, 73, 386, 39]","[0.9995361566543579, 0.9978678226470947, 0.9975045323371887, 0.9970277547836304, 0.9969685673713684]"
41,722,"[69, 87, 59]","[70, 78, 29, 88, 201]","[0.9990819096565247, 0.9987255334854126, 0.9986200928688049, 0.9983134865760803, 0.9981834888458252]"
42,723,"[6, 50, 136]","[6, 38, 18, 136, 27]","[0.9995900392532349, 0.9995778799057007, 0.9995113611221313, 0.9985421895980835, 0.9984191656112671]"
43,8,"[170, 68, 389]","[68, 170, 57, 389, 454]","[0.9944306015968323, 0.9877711534500122, 0.8123836517333984, 0.7974637746810913, 0.783592939376831]"
44,4,"[434, 60, 436]","[80, 26, 60, 123, 44]","[0.7611547708511353, 0.7210968136787415, 0.7137128710746765, 0.7035672664642334, 0.6651844382286072]"
45,508,"[38, 27, 187]","[38, 27, 133, 3, 91]","[0.9998329281806946, 0.999620795249939, 0.9990254640579224, 0.9987169504165649, 0.9983845949172974]"
46,512,"[82, 156, 119]","[119, 82, 132, 156, 402]","[0.9997193813323975, 0.999203085899353, 0.997122049331665, 0.9970035552978516, 0.9967567324638367]"
47,5,"[19, 82, 384]","[119, 82, 19, 13, 3]","[0.9845960140228271, 0.9116308689117432, 0.8508892059326172, 0.8332833051681519, 0.829765796661377]"
48,515,"[27, 1, 82]","[27, 1, 82, 436, 284]","[0.9994873404502869, 0.999416708946228, 0.9992328882217407, 0.998263955116272, 0.9959284067153931]"
49,304,"[214, 167, 78]","[78, 24, 60, 3, 61]","[0.9957547187805176, 0.9797900319099426, 0.9761252403259277, 0.9725444316864014, 0.9473285675048828]"
50,305,"[6, 75, 167]","[6, 75, 24, 66, 49]","[0.995872974395752, 0.9540797472000122, 0.9053260087966919, 0.799332857131958, 0.6990851163864136]"
51,516,"[224, 14, 283]","[14, 49, 51, 185, 224]","[0.9992492198944092, 0.9963061809539795, 0.996023416519165, 0.9957537055015564, 0.9953098297119141]"
52,517,"[381, 385, 86]","[152, 385, 132, 381, 138]","[0.996327817440033, 0.996234655380249, 0.9961841702461243, 0.9957309365272522, 0.9934679269790649]"
53,518,"[25, 14, 21]","[21, 14, 237, 25, 255]","[0.9992436170578003, 0.9991995096206665, 0.9967010021209717, 0.9959115982055664, 0.9954925775527954]"
54,130,"[78, 14, 140]","[78, 37, 14, 134, 156]","[0.9871984720230103, 0.9679598808288574, 0.9479802846908569, 0.940986156463623, 0.837199330329895]"
55,519,"[206, 60, 68]","[80, 68, 173, 82, 17]","[0.9991321563720703, 0.9990991950035095, 0.9990091323852539, 0.9985746741294861, 0.9982260465621948]"
56,520,"[435, 53, 185]","[53, 435, 185, 152, 0]","[0.9995759129524231, 0.9992793798446655, 0.9969325065612793, 0.9967852830886841, 0.9939718842506409]"
57,521,"[148, 5, 374]","[32, 161, 72, 3, 327]","[0.9986865520477295, 0.9985349774360657, 0.9984527826309204, 0.9982937574386597, 0.998119592666626]"
58,522,"[384, 124, 413]","[8, 124, 21, 65, 13]","[0.9996246099472046, 0.9993098378181458, 0.9992712140083313, 0.9989657998085022, 0.9987924098968506]"
59,595,"[379, 14, 84]","[84, 88, 14, 161, 436]","[0.99966961145401, 0.9994664192199707, 0.9991463422775269, 0.9980005025863647, 0.9978882074356079]"
60,11,"[262, 91, 119]","[119, 91, 151, 179, 226]","[0.9986714720726013, 0.9689428210258484, 0.944776177406311, 0.9330233335494995, 0.890358567237854]"
61,307,"[93, 61, 463]","[463, 61, 93, 151, 382]","[0.9812711477279663, 0.9717415571212769, 0.9612668752670288, 0.9502265453338623, 0.9365057945251465]"
62,308,"[93, 61, 89]","[463, 61, 127, 89, 93]","[0.9496191740036011, 0.9307451248168945, 0.9234774708747864, 0.9073805809020996, 0.9044148921966553]"
63,353,"[26, 83, 390]","[83, 26, 208, 256, 327]","[0.9567139744758606, 0.8580199480056763, 0.8038049936294556, 0.7670698761940002, 0.7496994137763977]"
64,570,"[38, 91, 3]","[38, 53, 48, 15, 13]","[0.9998509883880615, 0.9995959997177124, 0.9995582699775696, 0.9994087219238281, 0.9992854595184326]"
65,571,"[21, 38, 22]","[38, 21, 48, 90, 76]","[0.9998317956924438, 0.9994733333587646, 0.9994567632675171, 0.9987326264381409, 0.998591423034668]"
66,309,"[89, 169, 136]","[136, 89, 56, 106, 161]","[0.9832098484039307, 0.8113342523574829, 0.7345144748687744, 0.7095200419425964, 0.665937602519989]"
67,355,"[214, 199, 105]","[199, 86, 105, 389, 261]","[0.9403273463249207, 0.9122728109359741, 0.8319967985153198, 0.8270326256752014, 0.8253700137138367]"
68,306,"[24, 206, 470]","[24, 90, 161, 206, 104]","[0.9496268033981323, 0.9217475056648254, 0.9124404191970825, 0.9008333683013916, 0.8863783478736877]"
69,523,"[223, 6, 379]","[6, 14, 24, 23, 101]","[0.9998306035995483, 0.9993599057197571, 0.9990884065628052, 0.9981889724731445, 0.9969578981399536]"
70,572,"[117, 65, 38]","[38, 15, 65, 24, 89]","[0.9998108744621277, 0.9991050362586975, 0.9991014003753662, 0.9989248514175415, 0.9984099268913269]"
71,359,"[62, 73, 59]","[30, 15, 13, 72, 62]","[0.9393571615219116, 0.9024940729141235, 0.8830087184906006, 0.8595045804977417, 0.8241182565689087]"
72,356,"[43, 100, 133]","[100, 43, 134, 133, 382]","[0.9910562038421631, 0.9658443927764893, 0.9453936815261841, 0.9069366455078125, 0.5496323704719543]"
73,357,"[42, 202, 70]","[70, 42, 380, 327, 102]","[0.9957678318023682, 0.9181079864501953, 0.9056364297866821, 0.8790363073348999, 0.7954204082489014]"
74,358,"[3, 160, 463]","[88, 75, 3, 160, 435]","[0.9856472015380859, 0.9755827784538269, 0.953107476234436, 0.9422248601913452, 0.9240164756774902]"
75,362,"[181, 38, 18]","[38, 18, 49, 104, 101]","[0.998870849609375, 0.9984638094902039, 0.8687247037887573, 0.8168142437934875, 0.7997750043869019]"
76,13,"[84, 436, 171]","[84, 83, 55, 171, 32]","[0.9955315589904785, 0.9545021653175354, 0.9442031979560852, 0.9342079162597656, 0.910415768623352]"
77,14,"[51, 405, 89]","[89, 188, 56, 104, 51]","[0.9586408138275146, 0.9401857852935791, 0.9386123418807983, 0.9293314218521118, 0.8956615924835205]"
78,15,"[5, 309, 289]","[30, 309, 33, 35, 188]","[0.9730033278465271, 0.9082098007202148, 0.9074149131774902, 0.9027717113494873, 0.8852436542510986]"
79,573,"[63, 201, 18]","[18, 201, 1, 124, 48]","[0.999754011631012, 0.9993436336517334, 0.9993129968643188, 0.9991967678070068, 0.9991629123687744]"
80,575,"[463, 100, 119]","[119, 100, 463, 56, 35]","[0.9997447729110718, 0.9997423887252808, 0.9990315437316895, 0.9982219934463501, 0.9978557825088501]"
81,524,"[40, 200, 255]","[78, 29, 80, 88, 173]","[0.9995883703231812, 0.9995545744895935, 0.9995144605636597, 0.999482274055481, 0.9994581937789917]"
82,525,"[224, 500, 28]","[28, 402, 224, 254, 64]","[0.9992102384567261, 0.9983410239219666, 0.9978246688842773, 0.9974437952041626, 0.9974405765533447]"
83,526,"[464, 22, 77]","[77, 464, 123, 179, 194]","[0.9991927742958069, 0.9991145730018616, 0.9986401796340942, 0.9977850914001465, 0.9975420236587524]"
84,576,"[78, 39, 28]","[78, 28, 3, 63, 188]","[0.9996623396873474, 0.999316930770874, 0.9986100196838379, 0.9981641173362732, 0.9977814555168152]"
85,577,"[38, 178, 136]","[38, 136, 178, 63, 381]","[0.9998540878295898, 0.9996914863586426, 0.9990016222000122, 0.9983106255531311, 0.9976939558982849]"
86,579,"[60, 40, 88]","[88, 40, 60, 161, 159]","[0.9995902180671692, 0.9990259408950806, 0.9989652037620544, 0.9988716840744019, 0.9975904226303101]"
87,366,"[167, 380, 15]","[82, 15, 3, 133, 127]","[0.9815013408660889, 0.965850293636322, 0.9512467384338379, 0.9471991658210754, 0.9012032747268677]"
88,367,"[14, 21, 181]","[21, 14, 33, 39, 118]","[0.9770162105560303, 0.8558818697929382, 0.8276973366737366, 0.8063632249832153, 0.6771475672721863]"
89,363,"[500, 15, 68]","[68, 17, 15, 122, 156]","[0.9617372155189514, 0.9325103163719177, 0.9321151971817017, 0.8796055316925049, 0.7921686768531799]"
90,16,"[7, 124, 5]","[124, 83, 133, 32, 127]","[0.9656026363372803, 0.907780647277832, 0.8997582197189331, 0.8405051827430725, 0.8321473598480225]"
91,553,"[48, 119, 2]","[119, 2, 48, 89, 23]","[0.999748706817627, 0.9995064735412598, 0.9993034601211548, 0.9982412457466125, 0.9975408315658569]"
92,310,"[31, 63, 274]","[31, 17, 16, 123, 122]","[0.8679560422897339, 0.781529426574707, 0.7217427492141724, 0.7212198376655579, 0.7081618905067444]"
93,689,"[215, 1, 215]","[1, 30, 133, 60, 43]","[0.9992388486862183, 0.9985740184783936, 0.9980940222740173, 0.997992753982544, 0.9979327321052551]"
94,554,"[4, 60, 501]","[14, 15, 60, 327, 73]","[0.9990182518959045, 0.9987694621086121, 0.9981638193130493, 0.9973292350769043, 0.9961711764335632]"
95,368,"[208, 455, 26]","[26, 87, 208, 52, 256]","[0.8693187236785889, 0.8653081655502319, 0.772086501121521, 0.7566393613815308, 0.7360056042671204]"
96,369,"[464, 122, 65]","[65, 122, 464, 49, 106]","[0.9972959756851196, 0.9859120845794678, 0.98236483335495, 0.9417516589164734, 0.8907260894775391]"
97,370,"[471, 136, 501]","[136, 87, 167, 56, 92]","[0.9866492748260498, 0.7890992164611816, 0.668229877948761, 0.6626436710357666, 0.5984006524085999]"
98,371,"[261, 55, 194]","[55, 59, 22, 11, 56]","[0.8527629375457764, 0.7920653820037842, 0.7826869487762451, 0.6704778671264648, 0.6446218490600586]"
99,372,"[68, 65, 104]","[68, 65, 13, 179, 104]","[0.9880996942520142, 0.9841465950012207, 0.9659547805786133, 0.8219449520111084, 0.8100360631942749]"
100,373,"[72, 463, 127]","[17, 72, 463, 35, 127]","[0.9131474494934082, 0.8630848526954651, 0.8267291784286499, 0.808566689491272, 0.7982264757156372]"
101,18,"[147, 390, 386]","[103, 86, 386, 355, 379]","[0.843654990196228, 0.8320615291595459, 0.8292926549911499, 0.8062974214553833, 0.7950843572616577]"
102,19,"[395, 33, 59]","[33, 127, 436, 59, 103]","[0.8850946426391602, 0.8768187761306763, 0.8397495746612549, 0.8174970149993896, 0.7074763774871826]"
103,555,"[65, 48, 44]","[1, 48, 14, 44, 15]","[0.9993696212768555, 0.9992356896400452, 0.9991344213485718, 0.9989490509033203, 0.9989200830459595]"
104,556,"[1, 44, 439]","[1, 14, 44, 15, 56]","[0.9995985627174377, 0.9994698762893677, 0.9993771910667419, 0.9993636608123779, 0.9987471103668213]"
105,581,"[203, 498, 68]","[68, 435, 327, 63, 176]","[0.9994115829467773, 0.9986457824707031, 0.996935248374939, 0.9962297081947327, 0.9961913824081421]"
106,627,"[24, 40, 4]","[14, 24, 40, 123, 382]","[0.9991183280944824, 0.9987142086029053, 0.9986048936843872, 0.9982750415802002, 0.9973273277282715]"
107,582,"[330, 55, 170]","[55, 170, 123, 332, 340]","[0.9992678761482239, 0.998896598815918, 0.9983020424842834, 0.9981993436813354, 0.997495174407959]"
108,597,"[77, 91, 435]","[124, 48, 14, 77, 464]","[0.9996345639228821, 0.9996155500411987, 0.9995623826980591, 0.9995301365852356, 0.9994567632675171]"
109,374,"[68, 48, 175]","[68, 48, 76, 33, 93]","[0.9655803442001343, 0.9500944018363953, 0.8694131374359131, 0.8483991026878357, 0.7842482924461365]"
110,375,"[91, 218, 68]","[91, 68, 15, 35, 226]","[0.8696321249008179, 0.8668265342712402, 0.8255431652069092, 0.6797614097595215, 0.5186616778373718]"
111,376,"[163, 65, 174]","[65, 174, 223, 206, 118]","[0.9781326055526733, 0.8260115385055542, 0.8028995394706726, 0.7874159812927246, 0.7605829238891602]"
112,377,"[43, 27, 3]","[27, 43, 3, 149, 54]","[0.9956033825874329, 0.9850399494171143, 0.9796278476715088, 0.8006739020347595, 0.7791434526443481]"
113,0,"[223, 43, 54]","[53, 43, 48, 44, 19]","[0.933309018611908, 0.9259216785430908, 0.9094749689102173, 0.9045629501342773, 0.8859940767288208]"
114,599,"[60, 68, 178]","[80, 68, 53, 19, 24]","[0.9996191263198853, 0.9996031522750854, 0.9995142221450806, 0.9991999864578247, 0.9991345405578613]"
115,628,"[119, 83, 39]","[119, 83, 23, 179, 39]","[0.999722957611084, 0.9991507530212402, 0.9975634813308716, 0.9973078966140747, 0.9961674809455872]"
116,2,"[25, 444, 70]","[70, 25, 194, 181, 150]","[0.9975345134735107, 0.9283815622329712, 0.8695091009140015, 0.7939543128013611, 0.7753438949584961]"
117,583,"[6, 53, 38]","[6, 38, 29, 27, 53]","[0.9997885823249817, 0.9997818470001221, 0.9995065927505493, 0.9994418621063232, 0.9992794990539551]"
118,584,"[15, 87, 258]","[124, 15, 65, 464, 7]","[0.9994916319847107, 0.9992774128913879, 0.999268651008606, 0.9992376565933228, 0.9991114735603333]"
119,379,"[40, 59, 435]","[40, 435, 171, 127, 188]","[0.9751790761947632, 0.9387621879577637, 0.9079246520996094, 0.8678271770477295, 0.8605732917785645]"
120,381,"[68, 100, 8]","[8, 100, 82, 75, 68]","[0.9876890182495117, 0.9785791635513306, 0.9534618854522705, 0.9523550271987915, 0.9180922508239746]"
121,378,"[65, 26, 123]","[65, 123, 24, 15, 26]","[0.9371280670166016, 0.8156251907348633, 0.8028876781463623, 0.7825072407722473, 0.7668595314025879]"
122,382,"[119, 39, 178]","[119, 178, 39, 387, 384]","[0.9989030361175537, 0.9778598546981812, 0.953467845916748, 0.8989346027374268, 0.8311881422996521]"
123,380,"[43, 82, 8]","[8, 82, 43, 33, 35]","[0.9947217702865601, 0.9818323850631714, 0.9654102325439453, 0.9065498113632202, 0.9040231704711914]"
124,383,"[68, 43, 57]","[68, 43, 14, 380, 382]","[0.9799790382385254, 0.9671171307563782, 0.9489033222198486, 0.7931603193283081, 0.7378561496734619]"
125,384,"[170, 14, 38]","[38, 170, 15, 14, 188]","[0.9984194040298462, 0.9809308052062988, 0.9616050124168396, 0.9487224817276001, 0.8822860717773438]"
126,385,"[1, 78, 44]","[78, 170, 91, 123, 44]","[0.9195203185081482, 0.9109430313110352, 0.8123487234115601, 0.8055500984191895, 0.8000896573066711]"
127,386,"[181, 38, 119]","[38, 119, 68, 24, 19]","[0.9938454627990723, 0.9894471168518066, 0.8523558378219604, 0.8288482427597046, 0.8129123449325562]"
128,629,"[21, 136, 119]","[119, 136, 21, 7, 23]","[0.9997047185897827, 0.999422550201416, 0.9991509914398193, 0.9985995292663574, 0.9970606565475464]"
129,630,"[84, 70, 55]","[70, 84, 136, 55, 90]","[0.9996784925460815, 0.9996756315231323, 0.999516487121582, 0.9993352890014648, 0.9986013174057007]"
130,631,"[44, 65, 48]","[48, 55, 14, 44, 15]","[0.9993382692337036, 0.9993268251419067, 0.9992547035217285, 0.9991065263748169, 0.9990842342376709]"
131,632,"[112, 256, 77]","[77, 23, 63, 208, 256]","[0.9995181560516357, 0.9988701343536377, 0.9986985921859741, 0.9985679388046265, 0.9980155229568481]"
132,633,"[309, 40, 201]","[201, 55, 40, 90, 3]","[0.9992406368255615, 0.9989285469055176, 0.9980701208114624, 0.9974561929702759, 0.9971567392349243]"
133,600,"[100, 119, 60]","[119, 100, 1, 48, 14]","[0.9997677803039551, 0.9997663497924805, 0.999524712562561, 0.9994335174560547, 0.9993733167648315]"
134,634,"[149, 80, 23]","[80, 161, 3, 23, 176]","[0.9995535016059875, 0.9985771775245667, 0.9983530044555664, 0.9980013370513916, 0.9978078603744507]"
135,387,"[42, 60, 82]","[82, 60, 35, 42, 93]","[0.9668078422546387, 0.9251166582107544, 0.8417913913726807, 0.78995680809021, 0.7731492519378662]"
136,3,"[124, 43, 54]","[124, 43, 118, 23, 213]","[0.9841488599777222, 0.9641339778900146, 0.8870592713356018, 0.8833725452423096, 0.847702145576477]"
137,674,"[40, 100, 498]","[100, 80, 17, 464, 40]","[0.9997444748878479, 0.9995334148406982, 0.9991178512573242, 0.9990485906600952, 0.9987658262252808]"
138,601,"[82, 498, 17]","[82, 17, 464, 72, 56]","[0.9994115829467773, 0.9992790222167969, 0.9992299675941467, 0.9987382292747498, 0.9984927177429199]"
139,638,"[127, 170, 38]","[38, 83, 170, 464, 436]","[0.9998558759689331, 0.9995479583740234, 0.9994782209396362, 0.9994508028030396, 0.9990700483322144]"
140,560,"[3, 189, 178]","[178, 3, 382, 194, 208]","[0.9979336857795715, 0.9978064298629761, 0.9976687431335449, 0.9970721006393433, 0.9967800378799438]"
141,561,"[44, 173, 153]","[173, 44, 30, 89, 327]","[0.9994851350784302, 0.9991098046302795, 0.999032735824585, 0.9984674453735352, 0.9980457425117493]"
142,562,"[263, 441, 95]","[75, 214, 426, 444, 20]","[0.9992207288742065, 0.9957730770111084, 0.9953128099441528, 0.9950271844863892, 0.9949005246162415]"
143,640,"[4, 412, 500]","[38, 84, 78, 1, 31]","[0.9997715950012207, 0.9996230006217957, 0.9995089769363403, 0.9992828369140625, 0.9992793798446655]"
144,683,"[139, 436, 187]","[136, 2, 77, 65, 60]","[0.9994624257087708, 0.9994398355484009, 0.998982310295105, 0.9988860487937927, 0.9984391331672668]"
145,390,"[127, 123, 40]","[40, 123, 309, 14, 33]","[0.9643414616584778, 0.8873674869537354, 0.8185429573059082, 0.8091646432876587, 0.8029085993766785]"
146,563,"[213, 119, 187]","[119, 56, 23, 188, 466]","[0.9997280836105347, 0.9982105493545532, 0.9979524612426758, 0.9972124099731445, 0.9968801736831665]"
147,528,"[136, 42, 39]","[136, 7, 56, 42, 73]","[0.999442458152771, 0.998633861541748, 0.9974392056465149, 0.9972903728485107, 0.9964083433151245]"
148,529,"[16, 3, 170]","[48, 44, 170, 30, 16]","[0.999526858329773, 0.9993808269500732, 0.9993747472763062, 0.9993395805358887, 0.9991239905357361]"
149,530,"[113, 199, 91]","[3, 23, 402, 91, 61]","[0.9980638027191162, 0.9978779554367065, 0.9976409673690796, 0.9976069927215576, 0.9973773956298828]"
150,641,"[68, 122, 75]","[68, 75, 122, 23, 176]","[0.9994504451751709, 0.9992163181304932, 0.9982449412345886, 0.9973995685577393, 0.9970667362213135]"
151,642,"[187, 73, 309]","[123, 72, 90, 3, 161]","[0.9984606504440308, 0.9983112812042236, 0.998291015625, 0.9982107877731323, 0.9979939460754395]"
152,643,"[60, 68, 499]","[68, 60, 123, 179, 159]","[0.9995607137680054, 0.9988234639167786, 0.9987032413482666, 0.9978415966033936, 0.9968152046203613]"
153,644,"[73, 309, 170]","[170, 24, 73, 309, 199]","[0.998833417892456, 0.9985947608947754, 0.9964720010757446, 0.9964004755020142, 0.9953261613845825]"
154,603,"[60, 48, 83]","[48, 83, 16, 60, 87]","[0.9991585612297058, 0.9990424513816833, 0.998322606086731, 0.9982216358184814, 0.9976925849914551]"
155,531,"[124, 19, 82]","[124, 82, 19, 152, 284]","[0.999160647392273, 0.999056339263916, 0.9986352920532227, 0.996070384979248, 0.9935182332992554]"
156,132,"[17, 91, 218]","[17, 123, 91, 66, 381]","[0.9471464157104492, 0.9272754192352295, 0.906067430973053, 0.8435121178627014, 0.7716988325119019]"
157,391,"[12, 498, 43]","[43, 12, 382, 161, 199]","[0.9671685099601746, 0.8540027141571045, 0.8098678588867188, 0.7516682147979736, 0.7239293456077576]"
158,392,"[57, 8, 127]","[8, 15, 127, 89, 23]","[0.9938682913780212, 0.952311098575592, 0.866398274898529, 0.7952923774719238, 0.7803279161453247]"
159,393,"[68, 43, 39]","[201, 68, 53, 43, 15]","[0.9683265686035156, 0.9350733757019043, 0.9335013031959534, 0.9176920652389526, 0.8904759883880615]"
160,394,"[3, 43, 161]","[43, 3, 161, 10, 384]","[0.9795582294464111, 0.9722233414649963, 0.9041709899902344, 0.8126394748687744, 0.8048126697540283]"
161,646,"[38, 29, 78]","[38, 78, 29, 127, 176]","[0.9997936487197876, 0.9995880126953125, 0.9995548725128174, 0.9977419376373291, 0.9975845813751221]"
162,564,"[88, 6, 464]","[6, 84, 88, 14, 30]","[0.9997624754905701, 0.9995864629745483, 0.9993038773536682, 0.9988160133361816, 0.9985089898109436]"
163,647,"[68, 40, 171]","[68, 14, 40, 90, 171]","[0.9994670152664185, 0.99913489818573, 0.9986715316772461, 0.9981392025947571, 0.9980934262275696]"
164,648,"[143, 28, 66]","[28, 93, 56, 176, 208]","[0.9993127584457397, 0.9986607432365417, 0.9985507726669312, 0.9982659816741943, 0.9979664087295532]"
165,649,"[119, 177, 435]","[119, 435, 327, 382, 380]","[0.9997337460517883, 0.9988300800323486, 0.9977757334709167, 0.9977325201034546, 0.9976699352264404]"
166,312,"[87, 29, 261]","[8, 29, 77, 435, 87]","[0.9970362782478333, 0.995543897151947, 0.9885067939758301, 0.978898286819458, 0.9451857805252075]"
167,690,"[35, 17, 71]","[48, 75, 17, 463, 24]","[0.9994362592697144, 0.9994274377822876, 0.9992526769638062, 0.9991136789321899, 0.99907386302948]"
168,395,"[95, 88, 6]","[6, 88, 13, 83, 206]","[0.9940773248672485, 0.9601637125015259, 0.854881763458252, 0.8118587732315063, 0.7006343603134155]"
169,133,"[126, 187, 87]","[123, 87, 12, 26, 140]","[0.9795635938644409, 0.9639869928359985, 0.9103936553001404, 0.8905785083770752, 0.786237359046936]"
170,313,"[257, 234, 284]","[101, 256, 439, 195, 395]","[0.8369327783584595, 0.8274053931236267, 0.7133351564407349, 0.6834535598754883, 0.6766408681869507]"
171,396,"[62, 176, 82]","[82, 62, 89, 49, 382]","[0.982109785079956, 0.90207839012146, 0.8596858978271484, 0.8197512626647949, 0.7857622504234314]"
172,397,"[224, 151, 87]","[201, 170, 48, 24, 91]","[0.9451184868812561, 0.9030532836914062, 0.8595743179321289, 0.8338150382041931, 0.8040590286254883]"
173,398,"[38, 100, 119]","[38, 119, 100, 30, 24]","[0.9976356625556946, 0.9960262775421143, 0.9829792976379395, 0.9545692205429077, 0.9070428013801575]"
174,134,"[119, 38, 73]","[38, 119, 73, 208, 12]","[0.9981293082237244, 0.99704909324646, 0.8978757858276367, 0.8369214534759521, 0.8361457586288452]"
175,135,"[104, 385, 25]","[15, 25, 56, 208, 104]","[0.9879957437515259, 0.9452899098396301, 0.907343864440918, 0.9020416736602783, 0.8827478289604187]"
176,650,"[80, 116, 276]","[29, 80, 17, 170, 72]","[0.9994666576385498, 0.9994214773178101, 0.9989070892333984, 0.9988296627998352, 0.9980242252349854]"
177,400,"[444, 21, 205]","[2, 68, 21, 48, 435]","[0.824615478515625, 0.7969421148300171, 0.7834259271621704, 0.7531042695045471, 0.6866282820701599]"
178,651,"[177, 249, 291]","[3, 63, 340, 291, 419]","[0.9983035922050476, 0.9981954097747803, 0.9971621036529541, 0.9970555901527405, 0.9965843558311462]"
179,652,"[78, 87, 38]","[38, 78, 161, 87, 23]","[0.9998319149017334, 0.9996817111968994, 0.9988023042678833, 0.9986748695373535, 0.9984036684036255]"
180,653,"[6, 383, 443]","[6, 89, 76, 56, 327]","[0.9998112916946411, 0.99866783618927, 0.9984359741210938, 0.9983710050582886, 0.9983667135238647]"
181,654,"[83, 39, 28]","[83, 28, 90, 56, 104]","[0.9994839429855347, 0.9994516372680664, 0.9990524649620056, 0.9987648725509644, 0.9986907243728638]"
182,688,"[68, 63, 59]","[68, 53, 161, 122, 327]","[0.9994224905967712, 0.9992735385894775, 0.9982417821884155, 0.998176097869873, 0.9976983070373535]"
183,696,"[202, 43, 66]","[43, 93, 76, 208, 156]","[0.9990164041519165, 0.9987889528274536, 0.9987690448760986, 0.9981709718704224, 0.9980935454368591]"
184,697,"[463, 48, 55]","[48, 55, 463, 122, 87]","[0.9992306232452393, 0.9991573095321655, 0.9987348318099976, 0.9981837272644043, 0.9977088570594788]"
185,698,"[381, 42, 179]","[123, 89, 436, 327, 42]","[0.9984096884727478, 0.9982857704162598, 0.9980727434158325, 0.9977424144744873, 0.9977198839187622]"
186,699,"[78, 19, 43]","[78, 19, 43, 161, 176]","[0.9996674060821533, 0.9991819858551025, 0.9989120960235596, 0.9987555146217346, 0.9981039762496948]"
187,700,"[98, 224, 107]","[27, 173, 201, 48, 82]","[0.9993652701377869, 0.999299168586731, 0.9992780685424805, 0.9991360902786255, 0.999038815498352]"
188,364,"[68, 436, 100]","[100, 124, 68, 15, 14]","[0.9932425618171692, 0.9815530180931091, 0.9729769229888916, 0.9530284404754639, 0.9202936887741089]"
189,657,"[43, 27, 82]","[27, 82, 43, 33, 101]","[0.9994450807571411, 0.9991540908813477, 0.9983184933662415, 0.9967136383056641, 0.9951332807540894]"
190,675,"[156, 32, 398]","[17, 32, 63, 156, 213]","[0.9990218877792358, 0.9984846115112305, 0.9973987340927124, 0.9967533349990845, 0.9958504438400269]"
191,659,"[130, 32, 326]","[124, 32, 208, 130, 66]","[0.9992856979370117, 0.9985615015029907, 0.9972144365310669, 0.9962765574455261, 0.9957184195518494]"
192,661,"[150, 171, 136]","[136, 171, 130, 190, 0]","[0.9995934367179871, 0.998598575592041, 0.996171236038208, 0.9938921332359314, 0.9935888051986694]"
193,663,"[465, 156, 22]","[17, 176, 156, 386, 185]","[0.998647928237915, 0.9963351488113403, 0.9953163266181946, 0.9949780702590942, 0.9935088157653809]"
194,567,"[80, 69, 309]","[80, 68, 48, 83, 15]","[0.9996631741523743, 0.9996506571769714, 0.9995391368865967, 0.9994754791259766, 0.9993830919265747]"
195,138,"[119, 102, 21]","[119, 21, 156, 25, 106]","[0.9974594712257385, 0.9880625009536743, 0.8852779865264893, 0.8795205354690552, 0.8042927980422974]"
196,139,"[40, 88, 68]","[88, 40, 68, 26, 59]","[0.9889463782310486, 0.9841891527175903, 0.9734693765640259, 0.8774127960205078, 0.8455612063407898]"
197,604,"[19, 38, 29]","[38, 29, 80, 21, 19]","[0.9998302459716797, 0.9996471405029297, 0.9996097683906555, 0.9994646310806274, 0.9991666078567505]"
198,404,"[499, 16, 75]","[75, 24, 19, 16, 127]","[0.9746991395950317, 0.9349761009216309, 0.9294814467430115, 0.8510217666625977, 0.8029356002807617]"
199,405,"[31, 435, 65]","[31, 37, 65, 80, 60]","[0.8981003165245056, 0.886726975440979, 0.8826922178268433, 0.7123650312423706, 0.6784123778343201]"
200,605,"[379, 21, 84]","[84, 21, 77, 65, 90]","[0.9997348785400391, 0.999457836151123, 0.9993078708648682, 0.9992498159408569, 0.998871922492981]"
201,666,"[59, 6, 68]","[6, 68, 123, 132, 334]","[0.9997645616531372, 0.9993641376495361, 0.9979082345962524, 0.9954219460487366, 0.9926401972770691]"
202,140,"[479, 68, 198]","[173, 31, 68, 42, 327]","[0.9943905472755432, 0.9938323497772217, 0.9935735464096069, 0.9460444450378418, 0.9201406240463257]"
203,142,"[187, 355, 63]","[8, 15, 123, 14, 76]","[0.9924134612083435, 0.9326682686805725, 0.9289569854736328, 0.8971515893936157, 0.8708783388137817]"
204,314,"[6, 136, 65]","[6, 136, 65, 188, 26]","[0.9975828528404236, 0.985202431678772, 0.9721988439559937, 0.8336181044578552, 0.8140628337860107]"
205,606,"[151, 40, 6]","[6, 463, 40, 32, 90]","[0.9997796416282654, 0.9985803961753845, 0.9983492493629456, 0.9980530142784119, 0.99784255027771]"
206,607,"[38, 29, 21]","[38, 29, 21, 83, 463]","[0.9998252391815186, 0.9996250867843628, 0.9994307160377502, 0.9992532730102539, 0.9989816546440125]"
207,559,"[73, 31, 471]","[31, 89, 206, 327, 179]","[0.9995815753936768, 0.9988504648208618, 0.9986205101013184, 0.9984748363494873, 0.9982097148895264]"
208,608,"[12, 151, 180]","[31, 17, 65, 60, 89]","[0.999512255191803, 0.9992476105690002, 0.9992010593414307, 0.9988775253295898, 0.9986861944198608]"
209,141,"[92, 4, 69]","[73, 59, 22, 95, 63]","[0.8836332559585571, 0.8241943120956421, 0.7973896265029907, 0.7806649208068848, 0.7371241450309753]"
210,609,"[35, 65, 41]","[65, 7, 13, 127, 63]","[0.9990202188491821, 0.9989510774612427, 0.9988504648208618, 0.9978046417236328, 0.9977553486824036]"
211,144,"[65, 436, 145]","[65, 134, 15, 14, 83]","[0.9734837412834167, 0.9384515285491943, 0.9376116394996643, 0.9145735502243042, 0.8905452489852905]"
212,406,"[74, 80, 42]","[80, 42, 101, 194, 334]","[0.9983506202697754, 0.9838740825653076, 0.9607737064361572, 0.9519332647323608, 0.9517526626586914]"
213,610,"[66, 261, 463]","[463, 134, 436, 327, 118]","[0.9993835687637329, 0.9993176460266113, 0.9989807605743408, 0.9987787008285522, 0.9987109899520874]"
214,611,"[14, 21, 100]","[100, 21, 14, 435, 90]","[0.9998117685317993, 0.9995696544647217, 0.9995103478431702, 0.9993405342102051, 0.999088704586029]"
215,612,"[60, 12, 119]","[119, 88, 134, 43, 60]","[0.9997683763504028, 0.999535322189331, 0.9988215565681458, 0.9987052083015442, 0.9987042546272278]"
216,315,"[151, 42, 179]","[60, 87, 42, 151, 179]","[0.951332688331604, 0.9075669050216675, 0.8986002206802368, 0.8767816424369812, 0.8579931259155273]"
217,316,"[463, 213, 119]","[119, 463, 213, 63, 387]","[0.9982306957244873, 0.9738340973854065, 0.9039560556411743, 0.8929013013839722, 0.8728285431861877]"
218,145,"[178, 133, 127]","[178, 133, 66, 127, 380]","[0.8628642559051514, 0.8608598709106445, 0.808923065662384, 0.778847336769104, 0.6341058611869812]"
219,615,"[3, 145, 100]","[100, 3, 466, 402, 185]","[0.9997303485870361, 0.9982056617736816, 0.9969010353088379, 0.9968956708908081, 0.9964841604232788]"
220,616,"[80, 87, 68]","[80, 68, 87, 284, 22]","[0.9996352195739746, 0.999619722366333, 0.9986910223960876, 0.9951188564300537, 0.9947595596313477]"
221,146,"[185, 86, 224]","[100, 136, 77, 435, 55]","[0.979256272315979, 0.9624933004379272, 0.9321938753128052, 0.853917121887207, 0.7962663173675537]"
222,150,"[3, 133, 124]","[124, 3, 133, 309, 62]","[0.9545631408691406, 0.9243851900100708, 0.8559367656707764, 0.8338451385498047, 0.8241340517997742]"
223,151,"[162, 135, 162]","[65, 127, 309, 73, 188]","[0.980452299118042, 0.9367868900299072, 0.9254056215286255, 0.9246453642845154, 0.9190534949302673]"
224,152,"[78, 31, 73]","[78, 31, 73, 223, 208]","[0.9938091039657593, 0.9925961494445801, 0.9217238426208496, 0.8594141602516174, 0.8108298778533936]"
225,153,"[224, 130, 320]","[43, 130, 224, 26, 190]","[0.9880548715591431, 0.9434264302253723, 0.9280681610107422, 0.914825439453125, 0.9116133451461792]"
226,154,"[498, 26, 140]","[26, 90, 52, 167, 54]","[0.9004049301147461, 0.875485360622406, 0.7937490940093994, 0.7726404666900635, 0.6683598756790161]"
227,407,"[119, 356, 83]","[119, 83, 179, 167, 103]","[0.9990788698196411, 0.9842250347137451, 0.8907463550567627, 0.8690714836120605, 0.856467604637146]"
228,156,"[35, 165, 76]","[88, 75, 76, 35, 127]","[0.9901096820831299, 0.9833503365516663, 0.9352933168411255, 0.9168717861175537, 0.9157067537307739]"
229,157,"[435, 28, 62]","[28, 15, 435, 14, 62]","[0.9861709475517273, 0.965613603591919, 0.9543533325195312, 0.9521565437316895, 0.915708065032959]"
230,694,"[49, 96, 204]","[53, 44, 30, 16, 123]","[0.9993239641189575, 0.9989849328994751, 0.9988934993743896, 0.9985299110412598, 0.9982946515083313]"
231,159,"[89, 32, 6]","[6, 2, 31, 75, 82]","[0.9747372269630432, 0.8980292677879333, 0.8886789083480835, 0.8321421146392822, 0.8315528631210327]"
232,578,"[161, 82, 89]","[82, 161, 89, 327, 380]","[0.9994021058082581, 0.9988956451416016, 0.9988375306129456, 0.9985961318016052, 0.9984757900238037]"
233,408,"[19, 44, 179]","[44, 19, 33, 127, 22]","[0.9067866802215576, 0.8885137438774109, 0.8077934980392456, 0.7598998546600342, 0.7483452558517456]"
234,161,"[21, 181, 76]","[21, 76, 33, 73, 188]","[0.9774549603462219, 0.8546333312988281, 0.8419746160507202, 0.8290975689888, 0.8049684762954712]"
235,410,"[60, 123, 178]","[60, 123, 178, 466, 58]","[0.9842157959938049, 0.9822002649307251, 0.9782263040542603, 0.784716010093689, 0.7440840005874634]"
236,411,"[464, 258, 152]","[464, 161, 385, 386, 69]","[0.944307804107666, 0.8090894818305969, 0.7200889587402344, 0.6964059472084045, 0.6937674283981323]"
237,619,"[55, 44, 28]","[55, 28, 44, 382, 151]","[0.9992552995681763, 0.9990607500076294, 0.9989956617355347, 0.9977831840515137, 0.9971636533737183]"
238,620,"[42, 66, 451]","[382, 42, 104, 194, 386]","[0.9981904029846191, 0.9981814622879028, 0.9981507062911987, 0.9975826740264893, 0.9970530271530151]"
239,413,"[42, 67, 158]","[161, 42, 158, 291, 177]","[0.9811490774154663, 0.9742220640182495, 0.9000148177146912, 0.8756169080734253, 0.8642663359642029]"
240,414,"[40, 152, 88]","[88, 40, 161, 383, 226]","[0.9967782497406006, 0.9896619319915771, 0.9745035767555237, 0.9368568062782288, 0.9227012395858765]"
241,415,"[38, 18, 8]","[38, 18, 8, 123, 83]","[0.9905142784118652, 0.9839209318161011, 0.9694678783416748, 0.8210943937301636, 0.7266165018081665]"
242,317,"[362, 433, 500]","[17, 83, 3, 206, 42]","[0.7391096353530884, 0.7225921154022217, 0.6989434957504272, 0.6190178394317627, 0.6160595417022705]"
243,318,"[100, 119, 83]","[119, 100, 170, 83, 42]","[0.9975061416625977, 0.9965616464614868, 0.9794325828552246, 0.9701739549636841, 0.9069660305976868]"
244,568,"[170, 55, 26]","[55, 170, 32, 90, 89]","[0.99941486120224, 0.9992265105247498, 0.998870849609375, 0.9987813830375671, 0.9987198114395142]"
245,417,"[40, 171, 6]","[6, 40, 48, 15, 171]","[0.9976263046264648, 0.9692463874816895, 0.9593474864959717, 0.94438636302948, 0.8944426774978638]"
246,418,"[186, 332, 42]","[170, 43, 42, 23, 106]","[0.9819904565811157, 0.9706878662109375, 0.9314108490943909, 0.9239466190338135, 0.8777512907981873]"
247,419,"[188, 463, 78]","[8, 21, 136, 78, 37]","[0.9391614198684692, 0.8988269567489624, 0.8962711095809937, 0.8810970783233643, 0.8706528544425964]"
248,165,"[68, 2, 66]","[2, 88, 68, 65, 40]","[0.9884529113769531, 0.9865987300872803, 0.981385350227356, 0.9723172187805176, 0.9664193987846375]"
249,166,"[435, 170, 53]","[53, 170, 48, 435, 90]","[0.9916554093360901, 0.9906876087188721, 0.9888991117477417, 0.9791605472564697, 0.9291310906410217]"
250,420,"[37, 436, 65]","[70, 173, 28, 37, 82]","[0.9849510192871094, 0.9741125106811523, 0.9589030742645264, 0.9574288725852966, 0.9571508169174194]"
251,402,"[68, 464, 37]","[37, 68, 39, 223, 52]","[0.9699446558952332, 0.8681887984275818, 0.7449116110801697, 0.7135258913040161, 0.6207687258720398]"
252,622,"[119, 179, 170]","[119, 170, 161, 56, 179]","[0.999782919883728, 0.999271035194397, 0.9988561868667603, 0.9985635280609131, 0.9982405304908752]"
253,167,"[102, 395, 88]","[88, 101, 161, 11, 199]","[0.998247504234314, 0.9158332347869873, 0.9079119563102722, 0.9072726368904114, 0.8927661180496216]"
254,168,"[171, 14, 84]","[84, 14, 171, 206, 104]","[0.9966747760772705, 0.9723774194717407, 0.9501415491104126, 0.909927487373352, 0.7924661040306091]"
255,686,"[40, 6, 471]","[6, 7, 40, 123, 93]","[0.9998139142990112, 0.9988294243812561, 0.9987916946411133, 0.9985274076461792, 0.9981452226638794]"
256,403,"[40, 88, 6]","[6, 88, 40, 75, 60]","[0.9834715127944946, 0.9033800363540649, 0.8929092288017273, 0.8637193441390991, 0.7799040675163269]"
257,670,"[21, 268, 31]","[31, 21, 16, 122, 56]","[0.9992144107818604, 0.9990641474723816, 0.9980717897415161, 0.9977539777755737, 0.9969444274902344]"
258,424,"[25, 435, 66]","[435, 66, 25, 22, 179]","[0.9109106063842773, 0.8141632080078125, 0.7963468432426453, 0.7503466010093689, 0.6863734722137451]"
259,425,"[185, 194, 1]","[1, 161, 194, 385, 383]","[0.9982377290725708, 0.9910484552383423, 0.9823659658432007, 0.9778139591217041, 0.9774224758148193]"
260,426,"[150, 55, 26]","[55, 464, 327, 208, 51]","[0.9886995553970337, 0.9842933416366577, 0.9393092393875122, 0.9343845248222351, 0.9118185043334961]"
261,427,"[55, 171, 68]","[68, 55, 171, 39, 213]","[0.9776020050048828, 0.9115092158317566, 0.9111034870147705, 0.869864821434021, 0.7864189147949219]"
262,428,"[68, 6, 119]","[6, 119, 28, 70, 170]","[0.9716134667396545, 0.9551569223403931, 0.8447340130805969, 0.8279314041137695, 0.8167281746864319]"
263,431,"[21, 84, 140]","[84, 21, 28, 60, 72]","[0.9956934452056885, 0.9919756650924683, 0.9877386093139648, 0.9658711552619934, 0.9437638521194458]"
264,433,"[422, 201, 468]","[201, 16, 26, 398, 164]","[0.9936904311180115, 0.9718301892280579, 0.8632000684738159, 0.8111802935600281, 0.7960212230682373]"
265,435,"[188, 160, 436]","[178, 160, 436, 188, 223]","[0.961012601852417, 0.9597383141517639, 0.9497913718223572, 0.9283878207206726, 0.8626265525817871]"
266,436,"[35, 40, 6]","[6, 201, 40, 48, 16]","[0.9949883222579956, 0.9687831401824951, 0.947172999382019, 0.9092192649841309, 0.8113365769386292]"
267,437,"[380, 173, 436]","[173, 60, 61, 436, 380]","[0.9925064444541931, 0.9685066342353821, 0.9289001822471619, 0.8288337588310242, 0.8094964027404785]"
268,717,"[430, 466, 88]","[88, 75, 83, 65, 37]","[0.9992334842681885, 0.9988765716552734, 0.9986090660095215, 0.9984193444252014, 0.9984153509140015]"
269,718,"[77, 115, 86]","[18, 119, 70, 84, 29]","[0.9997231364250183, 0.9996692538261414, 0.9995801448822021, 0.9995778203010559, 0.9994043707847595]"
270,439,"[381, 40, 88]","[88, 40, 89, 381, 161]","[0.9952260255813599, 0.9884656667709351, 0.9332212209701538, 0.8947802782058716, 0.8482465744018555]"
271,440,"[40, 6, 362]","[6, 40, 26, 57, 105]","[0.9993711709976196, 0.9913177490234375, 0.9206255674362183, 0.8607728481292725, 0.8562079668045044]"
272,602,"[38, 37, 258]","[38, 48, 37, 134, 160]","[0.9998297691345215, 0.9994248747825623, 0.9992319345474243, 0.9989805221557617, 0.9984729886054993]"
273,441,"[72, 463, 68]","[68, 72, 463, 61, 223]","[0.9935270547866821, 0.9750502705574036, 0.9647504091262817, 0.9615510702133179, 0.9121707677841187]"
274,442,"[115, 381, 171]","[88, 31, 14, 171, 309]","[0.9717564582824707, 0.9695067405700684, 0.9230876564979553, 0.8601055145263672, 0.819926917552948]"
275,443,"[40, 6, 471]","[6, 40, 464, 463, 151]","[0.9979392290115356, 0.9699620604515076, 0.9324374198913574, 0.9187581539154053, 0.8330260515213013]"
276,444,"[130, 381, 385]","[66, 161, 179, 49, 381]","[0.8208681344985962, 0.801906406879425, 0.7867963314056396, 0.7844753265380859, 0.7792204022407532]"
277,447,"[92, 65, 68]","[65, 68, 66, 26, 95]","[0.9553954601287842, 0.9242998361587524, 0.7958086729049683, 0.7842384576797485, 0.6578803658485413]"
278,412,"[31, 8, 6]","[6, 8, 31, 80, 53]","[0.9904040098190308, 0.9680843353271484, 0.948581337928772, 0.8783719539642334, 0.8361186385154724]"
279,684,"[17, 38, 171]","[38, 18, 100, 84, 8]","[0.9997406601905823, 0.9997107982635498, 0.9996260404586792, 0.9995432496070862, 0.9994926452636719]"
280,687,"[89, 272, 132]","[2, 13, 123, 89, 436]","[0.9994436502456665, 0.9986752271652222, 0.9982423782348633, 0.9981855154037476, 0.9979623556137085]"
281,421,"[170, 53, 68]","[68, 53, 170, 43, 123]","[0.9611591100692749, 0.9576936364173889, 0.956490159034729, 0.9368340969085693, 0.9089130163192749]"
282,423,"[26, 38, 21]","[38, 21, 76, 66, 26]","[0.9968923330307007, 0.9795231819152832, 0.8402818441390991, 0.8350043296813965, 0.8231300115585327]"
283,169,"[15, 48, 43]","[48, 15, 43, 160, 76]","[0.9871575832366943, 0.9802361726760864, 0.9777032136917114, 0.9654178023338318, 0.9548646807670593]"
284,430,"[65, 91, 55]","[201, 173, 65, 75, 170]","[0.9762159585952759, 0.9737614989280701, 0.9603697657585144, 0.9567273855209351, 0.9535549879074097]"
285,432,"[33, 134, 23]","[53, 48, 134, 15, 160]","[0.9597181677818298, 0.9436258673667908, 0.9304507970809937, 0.9276001453399658, 0.9240154027938843]"
286,320,"[226, 100, 435]","[100, 1, 14, 435, 33]","[0.9834648370742798, 0.9326186180114746, 0.8768044710159302, 0.8754668235778809, 0.805668830871582]"
287,321,"[21, 181, 466]","[21, 65, 160, 62, 73]","[0.991862952709198, 0.9868471622467041, 0.9650724530220032, 0.9315903186798096, 0.9311186075210571]"
288,170,"[6, 136, 134]","[6, 136, 1, 134, 48]","[0.9983171224594116, 0.9887868762016296, 0.9517961740493774, 0.949306845664978, 0.9457718133926392]"
289,585,"[255, 38, 18]","[38, 18, 48, 14, 44]","[0.9998071193695068, 0.9997920393943787, 0.9993457198143005, 0.9992486238479614, 0.9991172552108765]"
290,707,"[77, 500, 37]","[80, 27, 77, 37, 90]","[0.9991168975830078, 0.9990938901901245, 0.9981660842895508, 0.9979625940322876, 0.996828556060791]"
291,322,"[161, 68, 105]","[136, 78, 88, 124, 68]","[0.8784857988357544, 0.8765454888343811, 0.8688819408416748, 0.8223174810409546, 0.8115284442901611]"
292,171,"[170, 6, 3]","[6, 65, 77, 170, 124]","[0.9978505373001099, 0.9814233779907227, 0.9785500764846802, 0.9748640060424805, 0.9683253765106201]"
293,172,"[91, 16, 40]","[40, 91, 16, 52, 206]","[0.98404860496521, 0.9323712587356567, 0.8528742790222168, 0.7130948305130005, 0.7124801874160767]"
294,173,"[40, 6, 136]","[6, 136, 40, 23, 176]","[0.9992521405220032, 0.9967068433761597, 0.9893851280212402, 0.9557977914810181, 0.9194344282150269]"
295,175,"[236, 68, 124]","[124, 68, 61, 39, 93]","[0.9775734543800354, 0.9740359783172607, 0.8892660140991211, 0.8666135668754578, 0.7916969060897827]"
296,174,"[91, 37, 213]","[68, 37, 60, 435, 91]","[0.987074613571167, 0.9831134080886841, 0.9633427858352661, 0.9631720781326294, 0.944201648235321]"
297,176,"[1, 491, 78]","[78, 60, 1, 48, 178]","[0.9152809381484985, 0.8069804906845093, 0.7810580134391785, 0.7743168473243713, 0.7352328896522522]"
298,178,"[137, 6, 201]","[6, 201, 23, 226, 52]","[0.9987704753875732, 0.9928898811340332, 0.8877452611923218, 0.8232207298278809, 0.7700902223587036]"
299,326,"[80, 164, 87]","[80, 87, 155, 164, 190]","[0.996698260307312, 0.9746360182762146, 0.8823657631874084, 0.8672652244567871, 0.8664904832839966]"
300,327,"[6, 75, 50]","[6, 75, 122, 25, 22]","[0.9989726543426514, 0.9908272624015808, 0.9675891399383545, 0.9197355508804321, 0.8741663694381714]"
301,319,"[140, 151, 117]","[3, 72, 73, 23, 151]","[0.8798996210098267, 0.8702009320259094, 0.8093811273574829, 0.8011924028396606, 0.7872169613838196]"
302,635,"[91, 218, 3]","[3, 91, 101, 51, 155]","[0.998221218585968, 0.9977301359176636, 0.9960558414459229, 0.9957172870635986, 0.9936390519142151]"
303,328,"[108, 88, 6]","[6, 88, 171, 35, 73]","[0.9887341856956482, 0.9344431161880493, 0.7686910629272461, 0.7280924320220947, 0.7193990349769592]"
304,704,"[78, 330, 40]","[78, 31, 48, 75, 40]","[0.9995484948158264, 0.9993369579315186, 0.9992363452911377, 0.9992001056671143, 0.9985083341598511]"
305,330,"[119, 342, 53]","[119, 53, 14, 76, 61]","[0.9969726204872131, 0.9779269099235535, 0.9514843225479126, 0.9132177233695984, 0.8982577919960022]"
306,331,"[77, 65, 40]","[77, 65, 40, 83, 72]","[0.9338506460189819, 0.933277428150177, 0.9255315661430359, 0.8547829389572144, 0.8343685269355774]"
307,332,"[137, 200, 6]","[6, 201, 380, 12, 26]","[0.9989246726036072, 0.9939566254615784, 0.9129249453544617, 0.8909479379653931, 0.8741779327392578]"
308,179,"[62, 38, 69]","[38, 62, 66, 26, 49]","[0.9965065717697144, 0.8281729221343994, 0.8229492902755737, 0.8107895851135254, 0.6629951000213623]"
309,180,"[14, 21, 498]","[21, 14, 3, 435, 178]","[0.9957795143127441, 0.9861931800842285, 0.9845578670501709, 0.9842501878738403, 0.977564811706543]"
310,181,"[77, 171, 89]","[77, 171, 90, 309, 89]","[0.9231902360916138, 0.8217818737030029, 0.7789504528045654, 0.7776045799255371, 0.7747431993484497]"
311,333,"[159, 68, 136]","[136, 80, 68, 23, 387]","[0.9835361242294312, 0.976867139339447, 0.9671918153762817, 0.7537651062011719, 0.6988217830657959]"
312,335,"[22, 77, 65]","[65, 77, 48, 15, 76]","[0.9711706638336182, 0.9696217775344849, 0.9384026527404785, 0.9231840372085571, 0.8588377237319946]"
313,336,"[170, 199, 89]","[77, 170, 30, 14, 62]","[0.9186133742332458, 0.910545289516449, 0.896350622177124, 0.8810515999794006, 0.7590312957763672]"
314,182,"[118, 93, 134]","[80, 134, 24, 15, 309]","[0.9418226480484009, 0.8847321271896362, 0.8714340925216675, 0.8601874709129333, 0.8037958145141602]"
315,337,"[189, 55, 1]","[1, 55, 102, 384, 498]","[0.9973135590553284, 0.9947995543479919, 0.9366253018379211, 0.9293211698532104, 0.8751925230026245]"
316,614,"[89, 176, 247]","[2, 77, 170, 7, 43]","[0.9993521571159363, 0.9987615346908569, 0.9986846446990967, 0.9983103275299072, 0.9979580640792847]"
317,714,"[69, 256, 198]","[18, 136, 27, 1, 83]","[0.9996866583824158, 0.9992195963859558, 0.9992020130157471, 0.9990636110305786, 0.9986603260040283]"
318,724,"[117, 170, 38]","[38, 29, 173, 201, 28]","[0.9995914697647095, 0.9987934827804565, 0.9984560012817383, 0.9984063506126404, 0.99717116355896]"
319,725,"[31, 117, 12]","[84, 80, 88, 173, 201]","[0.9995262622833252, 0.9992088079452515, 0.9991822242736816, 0.9991457462310791, 0.9991227388381958]"
320,339,"[77, 188, 37]","[37, 77, 127, 39, 188]","[0.9889962077140808, 0.9889883995056152, 0.9316978454589844, 0.925668478012085, 0.923244833946228]"
321,183,"[80, 208, 127]","[80, 127, 104, 208, 11]","[0.9980176687240601, 0.9832465648651123, 0.977082371711731, 0.972542941570282, 0.9090805053710938]"
322,682,"[178, 1, 60]","[1, 48, 83, 30, 464]","[0.9995812177658081, 0.9995036125183105, 0.9994267821311951, 0.9992984533309937, 0.9992907643318176]"
323,452,"[101, 68, 93]","[88, 68, 53, 15, 123]","[0.9903451204299927, 0.9870564937591553, 0.9840011596679688, 0.9695500135421753, 0.954185962677002]"
324,453,"[40, 6, 15]","[6, 15, 40, 436, 179]","[0.9994713068008423, 0.9942121505737305, 0.9931694269180298, 0.9835078120231628, 0.9735372066497803]"
325,184,"[175, 12, 285]","[178, 39, 151, 213, 12]","[0.9726314544677734, 0.942750871181488, 0.9384244680404663, 0.9186104536056519, 0.9077943563461304]"
326,454,"[100, 119, 39]","[119, 100, 72, 309, 39]","[0.9989535808563232, 0.9983152151107788, 0.9775802493095398, 0.963750422000885, 0.9533445835113525]"
327,455,"[258, 124, 32]","[124, 30, 32, 174, 223]","[0.986710786819458, 0.9785655736923218, 0.9225271940231323, 0.8503111600875854, 0.8473173379898071]"
328,456,"[6, 50, 127]","[6, 37, 55, 160, 127]","[0.999010443687439, 0.9892488718032837, 0.9723695516586304, 0.970643162727356, 0.941072404384613]"
329,457,"[383, 66, 170]","[170, 127, 66, 213, 383]","[0.9838110208511353, 0.9414312243461609, 0.910976767539978, 0.8976260423660278, 0.8504791259765625]"
330,458,"[187, 55, 1]","[1, 55, 127, 90, 95]","[0.9794512391090393, 0.914939820766449, 0.8986889123916626, 0.830531120300293, 0.8089281320571899]"
331,459,"[69, 15, 48]","[37, 40, 48, 15, 160]","[0.9901244640350342, 0.9882493019104004, 0.9861534237861633, 0.9801558256149292, 0.9722567796707153]"
332,460,"[258, 443, 229]","[118, 11, 355, 64, 454]","[0.9810442924499512, 0.9165372848510742, 0.9057730436325073, 0.8751773834228516, 0.8730610609054565]"
333,461,"[55, 159, 201]","[201, 80, 60, 435, 55]","[0.996046781539917, 0.9948093891143799, 0.9824022650718689, 0.9797943234443665, 0.9676339626312256]"
334,462,"[188, 37, 68]","[37, 68, 188, 26, 174]","[0.9865759611129761, 0.9864808917045593, 0.9043035507202148, 0.8748658895492554, 0.8640940189361572]"
335,463,"[3, 395, 63]","[3, 90, 7, 151, 213]","[0.9688444137573242, 0.9413362741470337, 0.9398239850997925, 0.9135395288467407, 0.8900003433227539]"
336,464,"[208, 87, 91]","[1, 40, 91, 87, 73]","[0.9915753602981567, 0.9837441444396973, 0.9599400162696838, 0.9467410445213318, 0.9413825273513794]"
337,466,"[388, 383, 409]","[173, 43, 178, 76, 383]","[0.9919224977493286, 0.969891369342804, 0.9600912928581238, 0.9571525454521179, 0.9211550951004028]"
338,467,"[134, 38, 29]","[38, 29, 134, 3, 151]","[0.9969747066497803, 0.9849503040313721, 0.9335986375808716, 0.9216811656951904, 0.8065205812454224]"
339,468,"[6, 252, 59]","[38, 6, 37, 43, 29]","[0.9006941318511963, 0.8948615789413452, 0.7430735230445862, 0.6646438241004944, 0.619379460811615]"
340,469,"[77, 171, 500]","[48, 77, 171, 66, 56]","[0.9910075664520264, 0.9906903505325317, 0.9697510004043579, 0.9369032382965088, 0.9288420677185059]"
341,470,"[25, 179, 53]","[53, 13, 61, 26, 25]","[0.9329721927642822, 0.8673669099807739, 0.8044222593307495, 0.7716518640518188, 0.7619270086288452]"
342,471,"[10, 93, 130]","[201, 170, 464, 93, 42]","[0.9848161935806274, 0.9670109748840332, 0.9568268060684204, 0.9099826216697693, 0.8987234830856323]"
343,472,"[185, 55, 44]","[44, 55, 66, 381, 208]","[0.9739845991134644, 0.9637454748153687, 0.8907048106193542, 0.8463075160980225, 0.8415672779083252]"
344,473,"[181, 380, 497]","[133, 178, 127, 156, 380]","[0.9558777213096619, 0.9457213878631592, 0.91642165184021, 0.8928451538085938, 0.8885449171066284]"
345,665,"[77, 65, 180]","[77, 65, 104, 106, 159]","[0.9993436336517334, 0.9992893934249878, 0.9984787702560425, 0.997521162033081, 0.9974443912506104]"
346,474,"[22, 8, 124]","[8, 124, 1, 60, 73]","[0.9952878952026367, 0.9852568507194519, 0.9842215776443481, 0.9608519077301025, 0.9084639549255371]"
347,476,"[130, 188, 175]","[188, 167, 130, 454, 140]","[0.965129554271698, 0.9063528776168823, 0.8439910411834717, 0.7901298999786377, 0.7474204301834106]"
348,477,"[22, 439, 136]","[136, 118, 309, 66, 194]","[0.9952951073646545, 0.9492060542106628, 0.9485840797424316, 0.928656280040741, 0.9184023141860962]"
349,478,"[381, 339, 202]","[2, 1, 19, 66, 309]","[0.9266464710235596, 0.7323285937309265, 0.7239999175071716, 0.6809936761856079, 0.6806502342224121]"
350,480,"[177, 443, 73]","[73, 381, 11, 181, 261]","[0.9719722867012024, 0.951796293258667, 0.8822528719902039, 0.8643504977226257, 0.8441514372825623]"
351,481,"[33, 122, 25]","[464, 122, 463, 33, 25]","[0.9157136678695679, 0.912866473197937, 0.8982533812522888, 0.8827939033508301, 0.8427736759185791]"
352,352,"[68, 451, 90]","[68, 90, 93, 436, 101]","[0.9693259000778198, 0.8442096710205078, 0.8300660848617554, 0.8242935538291931, 0.7211752533912659]"
353,188,"[78, 1, 500]","[78, 1, 60, 435, 76]","[0.9879497289657593, 0.970663845539093, 0.9426020979881287, 0.936906099319458, 0.8997908234596252]"
354,189,"[55, 194, 44]","[44, 73, 55, 66, 89]","[0.9476805925369263, 0.8563898801803589, 0.8555859327316284, 0.8535076379776001, 0.7493399977684021]"
355,190,"[43, 54, 127]","[43, 19, 123, 127, 87]","[0.9806495904922485, 0.9695161581039429, 0.966908872127533, 0.9065271019935608, 0.8503340482711792]"
356,193,"[100, 18, 82]","[18, 100, 82, 134, 48]","[0.9743524789810181, 0.9037070870399475, 0.8677732944488525, 0.7603147625923157, 0.6756452322006226]"
357,192,"[133, 384, 22]","[133, 22, 226, 167, 384]","[0.9723578095436096, 0.8637171387672424, 0.8614641427993774, 0.8516433238983154, 0.8317563533782959]"
358,483,"[37, 160, 68]","[37, 65, 170, 78, 80]","[0.9156410694122314, 0.9128284454345703, 0.8788474798202515, 0.8701094388961792, 0.8132320642471313]"
359,484,"[78, 40, 171]","[78, 40, 171, 12, 104]","[0.9976496696472168, 0.9924166798591614, 0.9794563055038452, 0.93822181224823, 0.9247719049453735]"
360,485,"[388, 185, 63]","[53, 1, 30, 3, 24]","[0.8465437293052673, 0.8303879499435425, 0.829840898513794, 0.7921179533004761, 0.7832895517349243]"
361,617,"[170, 68, 55]","[70, 68, 55, 28, 170]","[0.9996842741966248, 0.9995070099830627, 0.9993174076080322, 0.9991520643234253, 0.999065637588501]"
362,491,"[438, 40, 88]","[29, 88, 28, 40, 26]","[0.9398320317268372, 0.9316096305847168, 0.9058709144592285, 0.9013552665710449, 0.6983894109725952]"
363,492,"[104, 386, 38]","[38, 87, 436, 156, 23]","[0.997648298740387, 0.861491322517395, 0.8488028049468994, 0.8481048941612244, 0.835905134677887]"
364,493,"[42, 60, 68]","[68, 60, 42, 51, 199]","[0.9988735914230347, 0.9965107440948486, 0.9921751022338867, 0.9821009635925293, 0.9795305132865906]"
365,681,"[68, 6, 136]","[6, 18, 84, 8, 136]","[0.9997471570968628, 0.9997172951698303, 0.9995688199996948, 0.9995121955871582, 0.9993272423744202]"
366,494,"[22, 77, 65]","[77, 65, 14, 22, 179]","[0.9835054278373718, 0.9827879667282104, 0.9698537588119507, 0.84084552526474, 0.8196830749511719]"
367,495,"[119, 8, 31]","[119, 8, 31, 61, 188]","[0.9972660541534424, 0.9947232604026794, 0.9895447492599487, 0.903339147567749, 0.8731248378753662]"
368,496,"[180, 49, 53]","[170, 53, 60, 134, 24]","[0.9109686613082886, 0.8383451700210571, 0.8149168491363525, 0.8126929998397827, 0.7890728712081909]"
369,498,"[95, 471, 16]","[170, 16, 122, 35, 127]","[0.9769834280014038, 0.9441912174224854, 0.9398484826087952, 0.909831166267395, 0.9068388938903809]"
370,677,"[124, 5, 38]","[38, 124, 122, 56, 35]","[0.9998006820678711, 0.9993531703948975, 0.9984853863716125, 0.9979908466339111, 0.9977086782455444]"
371,500,"[32, 27, 133]","[27, 133, 72, 122, 35]","[0.9740560054779053, 0.8900351524353027, 0.8856695294380188, 0.8708642721176147, 0.829133152961731]"
372,712,"[388, 104, 119]","[119, 122, 89, 3, 382]","[0.9997345209121704, 0.9984216690063477, 0.9983872175216675, 0.9981122612953186, 0.9979130625724792]"
373,501,"[6, 16, 119]","[6, 119, 16, 73, 39]","[0.9985789060592651, 0.9977204203605652, 0.9577181339263916, 0.919196367263794, 0.9065698385238647]"
374,679,"[87, 204, 92]","[70, 48, 14, 44, 43]","[0.9997488856315613, 0.9994730949401855, 0.9993851184844971, 0.9993073344230652, 0.9989855289459229]"
375,17,"[119, 38, 6]","[38, 6, 119, 28, 134]","[0.9872111082077026, 0.9864878058433533, 0.9777016639709473, 0.9019492864608765, 0.7349163293838501]"
376,194,"[33, 149, 218]","[80, 3, 14, 122, 76]","[0.8902225494384766, 0.8061642050743103, 0.749199390411377, 0.7190072536468506, 0.7088403105735779]"
377,195,"[123, 122, 68]","[68, 123, 122, 118, 90]","[0.9708579778671265, 0.9337626695632935, 0.8989976644515991, 0.783369779586792, 0.7732455134391785]"
378,197,"[55, 226, 44]","[44, 55, 7, 179, 223]","[0.9638657569885254, 0.9625014662742615, 0.9137519598007202, 0.8400721549987793, 0.7934125661849976]"
379,502,"[187, 156, 498]","[156, 327, 223, 379, 498]","[0.9138810038566589, 0.8977086544036865, 0.8527624607086182, 0.7479148507118225, 0.7245701551437378]"
380,198,"[174, 60, 123]","[60, 123, 73, 174, 208]","[0.9622015357017517, 0.9580326676368713, 0.9097620248794556, 0.8425895571708679, 0.8117042779922485]"
381,199,"[68, 31, 51]","[31, 68, 14, 156, 12]","[0.9934602975845337, 0.9893276691436768, 0.9726239442825317, 0.9058279395103455, 0.8929471373558044]"
382,669,"[59, 38, 189]","[38, 124, 15, 16, 161]","[0.9997333884239197, 0.9990194439888, 0.9985464811325073, 0.9979358911514282, 0.9976477026939392]"
383,200,"[78, 31, 73]","[78, 31, 73, 181, 379]","[0.9901469945907593, 0.9845857620239258, 0.8826104402542114, 0.6931631565093994, 0.6892418265342712]"
384,201,"[73, 309, 60]","[60, 72, 309, 61, 33]","[0.8586232662200928, 0.8025658130645752, 0.7743768692016602, 0.7651697397232056, 0.7629072070121765]"
385,329,"[31, 18, 98]","[18, 31, 309, 61, 25]","[0.9618273973464966, 0.9023661613464355, 0.6701523065567017, 0.6529337763786316, 0.6254240274429321]"
386,504,"[38, 29, 68]","[38, 29, 82, 53, 68]","[0.996158242225647, 0.975882887840271, 0.9543957114219666, 0.939462423324585, 0.9369587302207947]"
387,505,"[187, 63, 68]","[68, 77, 24, 49, 174]","[0.9913280010223389, 0.9869914054870605, 0.9762599468231201, 0.8834843635559082, 0.8619921803474426]"
388,354,"[119, 26, 103]","[119, 170, 53, 24, 26]","[0.98311448097229, 0.9028286933898926, 0.81520676612854, 0.76669842004776, 0.7593493461608887]"
389,361,"[77, 163, 40]","[40, 77, 24, 13, 435]","[0.9677997827529907, 0.9666504859924316, 0.9174212217330933, 0.8987400531768799, 0.8919727206230164]"
390,360,"[122, 77, 40]","[40, 77, 122, 35, 156]","[0.9758096933364868, 0.9718930721282959, 0.8524727821350098, 0.8115975856781006, 0.7562028765678406]"
391,695,"[21, 38, 6]","[6, 38, 80, 21, 435]","[0.9996950030326843, 0.9996855854988098, 0.999028205871582, 0.9985798597335815, 0.9972497820854187]"
392,527,"[77, 65, 4]","[29, 80, 2, 88, 173]","[0.999606728553772, 0.9995660185813904, 0.9995567798614502, 0.999544620513916, 0.999524712562561]"
393,482,"[68, 414, 19]","[68, 19, 179, 59, 167]","[0.9927725791931152, 0.9806993007659912, 0.9018417596817017, 0.8966315984725952, 0.8458573222160339]"
394,204,"[309, 62, 68]","[3, 88, 29, 91, 174]","[0.7049227952957153, 0.6901311278343201, 0.6819844245910645, 0.582838773727417, 0.5705571174621582]"
395,203,"[170, 62, 31]","[31, 170, 15, 24, 83]","[0.9877276420593262, 0.9752674102783203, 0.9443941712379456, 0.9442554712295532, 0.8909505009651184]"
396,210,"[38, 18, 100]","[38, 18, 100, 17, 72]","[0.9964540004730225, 0.9945163726806641, 0.9878141283988953, 0.9202480316162109, 0.8754924535751343]"
397,209,"[70, 103, 136]","[70, 136, 123, 464, 174]","[0.9803288578987122, 0.9719315767288208, 0.884813666343689, 0.8048510551452637, 0.7482518553733826]"
398,208,"[60, 68, 37]","[68, 37, 60, 208, 181]","[0.9936257600784302, 0.9919765591621399, 0.9820712208747864, 0.887465238571167, 0.7896849513053894]"
399,211,"[438, 130, 201]","[201, 213, 130, 152, 50]","[0.995872974395752, 0.9439727067947388, 0.9136086702346802, 0.8993697166442871, 0.8594099283218384]"
400,212,"[185, 174, 119]","[119, 83, 13, 309, 73]","[0.9984849095344543, 0.9817085266113281, 0.9789612293243408, 0.9476334452629089, 0.9440627098083496]"
401,213,"[77, 38, 3]","[38, 77, 3, 15, 14]","[0.9980634450912476, 0.9801797866821289, 0.9594939947128296, 0.9332047700881958, 0.8806909322738647]"
402,214,"[119, 83, 14]","[119, 1, 134, 14, 61]","[0.9841327667236328, 0.8605180978775024, 0.8349370956420898, 0.7654290199279785, 0.7360861301422119]"
403,215,"[171, 136, 466]","[136, 16, 171, 309, 22]","[0.9549998641014099, 0.7931303977966309, 0.7899169325828552, 0.7681005001068115, 0.6877145171165466]"
404,488,"[91, 48, 356]","[40, 48, 91, 66, 39]","[0.9805324673652649, 0.9725019931793213, 0.9412401914596558, 0.8927404284477234, 0.8896222114562988]"
405,490,"[386, 19, 390]","[19, 72, 33, 73, 206]","[0.9424118995666504, 0.9094241857528687, 0.8701691031455994, 0.8601831197738647, 0.8415488004684448]"
406,217,"[463, 119, 44]","[119, 2, 88, 44, 123]","[0.9964098334312439, 0.9883348345756531, 0.9863096475601196, 0.9609488248825073, 0.937713623046875]"
407,218,"[146, 497, 55]","[55, 72, 188, 381, 179]","[0.9681909084320068, 0.9554615020751953, 0.913288950920105, 0.8633328676223755, 0.8502311706542969]"
408,590,"[31, 73, 38]","[38, 136, 80, 31, 14]","[0.9998140335083008, 0.999556303024292, 0.9995460510253906, 0.9994625449180603, 0.9992237091064453]"
409,593,"[463, 16, 123]","[201, 15, 463, 16, 123]","[0.9994649887084961, 0.9990503191947937, 0.998924970626831, 0.9986557960510254, 0.9984763860702515]"
410,220,"[43, 84, 356]","[84, 43, 15, 90, 95]","[0.9977555871009827, 0.9881397485733032, 0.9827352166175842, 0.8930721282958984, 0.8726674318313599]"
411,221,"[170, 289, 53]","[170, 53, 14, 42, 90]","[0.9850872755050659, 0.9845408201217651, 0.9616396427154541, 0.8761533498764038, 0.8598150014877319]"
412,222,"[3, 178, 6]","[6, 3, 178, 130, 86]","[0.9995238780975342, 0.9902851581573486, 0.9891537427902222, 0.9267774820327759, 0.9225157499313354]"
413,513,"[87, 51, 435]","[8, 2, 88, 31, 53]","[0.9996504783630371, 0.9995105862617493, 0.999496340751648, 0.9994224309921265, 0.9993754625320435]"
414,223,"[174, 23, 22]","[84, 2, 201, 75, 82]","[0.9730350971221924, 0.963788628578186, 0.9575629234313965, 0.9248456358909607, 0.9248347282409668]"
415,224,"[101, 68, 155]","[68, 101, 226, 69, 155]","[0.9954914450645447, 0.9087954759597778, 0.8999037742614746, 0.8469825983047485, 0.7797490358352661]"
416,226,"[198, 127, 12]","[127, 213, 101, 51, 12]","[0.9721649885177612, 0.9472403526306152, 0.9364719390869141, 0.935447096824646, 0.9300076961517334]"
417,227,"[68, 31, 93]","[31, 68, 35, 206, 118]","[0.9743474125862122, 0.9442428350448608, 0.7959761619567871, 0.7269119620323181, 0.7017828822135925]"
418,228,"[33, 83, 62]","[13, 83, 33, 62, 87]","[0.9439447522163391, 0.9173742532730103, 0.8973584771156311, 0.8957366943359375, 0.8048782348632812]"
419,229,"[463, 43, 38]","[38, 43, 14, 160, 463]","[0.9966267347335815, 0.9370704889297485, 0.9224083423614502, 0.9073748588562012, 0.8649932146072388]"
420,231,"[62, 31, 8]","[8, 31, 19, 123, 435]","[0.9952602386474609, 0.9908139705657959, 0.9568778276443481, 0.9536378383636475, 0.9447702169418335]"
421,232,"[68, 463, 464]","[68, 17, 72, 464, 309]","[0.9667043685913086, 0.9376400709152222, 0.8989090919494629, 0.8766336441040039, 0.8668797016143799]"
422,234,"[145, 44, 28]","[28, 44, 127, 49, 327]","[0.991898775100708, 0.9874316453933716, 0.952603816986084, 0.9076880812644958, 0.8763904571533203]"
423,235,"[24, 71, 72]","[24, 72, 10, 149, 128]","[0.9889642596244812, 0.9817774295806885, 0.8641918897628784, 0.8105363845825195, 0.8048697710037231]"
424,236,"[398, 87, 88]","[84, 88, 48, 72, 14]","[0.9777395725250244, 0.9585950970649719, 0.8881900310516357, 0.8175027966499329, 0.8153592348098755]"
425,237,"[173, 44, 38]","[38, 173, 44, 101, 102]","[0.9993642568588257, 0.9970199465751648, 0.9923328161239624, 0.9244728684425354, 0.8907345533370972]"
426,238,"[80, 3, 171]","[80, 30, 3, 83, 171]","[0.978461742401123, 0.9624588489532471, 0.9474992156028748, 0.8891898393630981, 0.8882752656936646]"
427,726,"[21, 123, 86]","[119, 70, 84, 136, 53]","[0.999711275100708, 0.9996364116668701, 0.9996349811553955, 0.9994410872459412, 0.9992661476135254]"
428,239,"[144, 28, 32]","[28, 59, 32, 206, 151]","[0.9672666192054749, 0.766400933265686, 0.7167502641677856, 0.6934489011764526, 0.6469594836235046]"
429,243,"[195, 5, 194]","[134, 3, 435, 118, 436]","[0.9532504677772522, 0.9501746892929077, 0.945439338684082, 0.8333806395530701, 0.8234935998916626]"
430,240,"[455, 2, 91]","[2, 91, 66, 381, 387]","[0.9979134798049927, 0.9839587211608887, 0.9666067361831665, 0.9349219799041748, 0.9106220006942749]"
431,242,"[164, 38, 29]","[38, 29, 77, 124, 13]","[0.9957376718521118, 0.9728296995162964, 0.955723762512207, 0.9477367997169495, 0.8655047416687012]"
432,244,"[40, 6, 119]","[6, 119, 40, 63, 385]","[0.9992339611053467, 0.9988298416137695, 0.9895132184028625, 0.881138026714325, 0.8557949662208557]"
433,245,"[86, 137, 59]","[151, 59, 102, 86, 147]","[0.9691052436828613, 0.950788140296936, 0.9220703840255737, 0.9013267755508423, 0.8474708795547485]"
434,12,"[130, 218, 55]","[55, 188, 12, 22, 161]","[0.9749799966812134, 0.9327642917633057, 0.90056973695755, 0.8803120255470276, 0.8605501055717468]"
435,247,"[119, 68, 48]","[119, 68, 48, 127, 226]","[0.9977899789810181, 0.9889180660247803, 0.983029842376709, 0.922531008720398, 0.8202916383743286]"
436,246,"[435, 70, 92]","[70, 80, 30, 435, 59]","[0.9661310315132141, 0.9264944195747375, 0.9107658863067627, 0.7913029193878174, 0.711296558380127]"
437,249,"[379, 381, 387]","[44, 39, 59, 95, 83]","[0.7736810445785522, 0.659169614315033, 0.6367262005805969, 0.5269158482551575, 0.48553648591041565]"
438,250,"[35, 474, 90]","[48, 40, 90, 35, 63]","[0.9122626185417175, 0.8682498931884766, 0.7940504550933838, 0.7599099278450012, 0.7108466625213623]"
439,438,"[38, 435, 170]","[38, 170, 435, 309, 66]","[0.9986677169799805, 0.9843682646751404, 0.9548556804656982, 0.9239944219589233, 0.9097775816917419]"
440,409,"[400, 463, 119]","[119, 78, 48, 44, 15]","[0.994914174079895, 0.9804048538208008, 0.9407036900520325, 0.9343035817146301, 0.9232175946235657]"
441,636,"[119, 91, 68]","[119, 2, 68, 124, 14]","[0.999788761138916, 0.9996070861816406, 0.9995970726013184, 0.9994845390319824, 0.999382495880127]"
442,251,"[95, 63, 89]","[70, 29, 16, 72, 7]","[0.976909339427948, 0.9635810852050781, 0.8395137786865234, 0.8268513679504395, 0.8026823997497559]"
443,252,"[43, 54, 0]","[43, 66, 59, 63, 379]","[0.979465126991272, 0.9249253273010254, 0.8978375196456909, 0.8605825304985046, 0.7687786221504211]"
444,253,"[177, 48, 122]","[48, 160, 122, 179, 327]","[0.975627601146698, 0.9340959191322327, 0.9311740398406982, 0.8269984722137451, 0.822569727897644]"
445,254,"[68, 443, 31]","[31, 68, 75, 170, 24]","[0.9952778816223145, 0.9938241243362427, 0.9926541447639465, 0.990500807762146, 0.9837194681167603]"
446,255,"[31, 140, 464]","[31, 435, 464, 49, 11]","[0.9872677326202393, 0.9188545942306519, 0.8528022766113281, 0.7281975746154785, 0.6827863454818726]"
447,257,"[174, 77, 65]","[65, 77, 80, 60, 174]","[0.9735904932022095, 0.9715954065322876, 0.9703666567802429, 0.9271653294563293, 0.8123700618743896]"
448,258,"[62, 183, 493]","[62, 89, 382, 208, 256]","[0.9384047985076904, 0.905062198638916, 0.8419930338859558, 0.8387508392333984, 0.8027347326278687]"
449,260,"[65, 37, 181]","[37, 65, 106, 194, 223]","[0.9875407814979553, 0.9875071048736572, 0.9067168831825256, 0.8973076343536377, 0.8828965425491333]"
450,261,"[35, 451, 53]","[53, 35, 387, 69, 439]","[0.996975302696228, 0.9821515083312988, 0.9460955262184143, 0.9030044078826904, 0.894709587097168]"
451,262,"[19, 127, 53]","[53, 15, 19, 83, 55]","[0.9780861139297485, 0.9590134024620056, 0.9569074511528015, 0.931281566619873, 0.9073032140731812]"
452,263,"[78, 178, 1]","[78, 1, 178, 39, 42]","[0.9906108379364014, 0.9782589077949524, 0.9314225912094116, 0.876761794090271, 0.865161657333374]"
453,703,"[40, 6, 309]","[6, 18, 78, 53, 82]","[0.9997205138206482, 0.9996765851974487, 0.9992885589599609, 0.9987597465515137, 0.998564600944519]"
454,711,"[66, 237, 65]","[38, 119, 100, 136, 27]","[0.9998019933700562, 0.9997501969337463, 0.9997432231903076, 0.9995286464691162, 0.9995161294937134]"
455,465,"[200, 163, 252]","[80, 75, 48, 13, 73]","[0.9605036973953247, 0.9498354196548462, 0.9225073456764221, 0.8798290491104126, 0.7968868017196655]"
456,713,"[157, 162, 404]","[38, 18, 119, 80, 27]","[0.9996376037597656, 0.9996021389961243, 0.99951171875, 0.9989213943481445, 0.998894214630127]"
457,475,[316],"[78, 88, 31, 48, 77]","[0.9182599186897278, 0.8982040286064148, 0.8905107378959656, 0.8448469638824463, 0.8354988098144531]"
458,268,"[89, 68, 6]","[6, 68, 123, 76, 89]","[0.9971814155578613, 0.9692444801330566, 0.9217419624328613, 0.8794907331466675, 0.7914027571678162]"
459,269,"[164, 124, 54]","[124, 1, 83, 72, 309]","[0.9516385793685913, 0.9397855997085571, 0.8672950267791748, 0.8573400974273682, 0.8174210786819458]"
460,270,"[68, 340, 261]","[68, 16, 90, 56, 26]","[0.9959356188774109, 0.9831181764602661, 0.9718881845474243, 0.9533123970031738, 0.9127154350280762]"
461,486,"[89, 35, 171]","[14, 171, 35, 89, 151]","[0.9912244081497192, 0.980599582195282, 0.9718116521835327, 0.9684275388717651, 0.9549098014831543]"
462,487,"[63, 6, 80]","[6, 80, 65, 30, 3]","[0.9968562126159668, 0.9799027442932129, 0.9579989314079285, 0.9491957426071167, 0.9132511615753174]"
463,272,"[68, 11, 72]","[68, 72, 11, 355, 130]","[0.9982795715332031, 0.9933111667633057, 0.9363877773284912, 0.9224191904067993, 0.8799193501472473]"
464,275,"[27, 82, 68]","[27, 68, 82, 199, 194]","[0.9980334043502808, 0.9975813627243042, 0.9968849420547485, 0.9359258413314819, 0.9270944595336914]"
465,276,"[92, 40, 77]","[77, 40, 48, 464, 223]","[0.9806678295135498, 0.9784669876098633, 0.9704464673995972, 0.9194753170013428, 0.8235316276550293]"
466,277,"[380, 42, 179]","[42, 380, 49, 179, 51]","[0.888023853302002, 0.8545423746109009, 0.8420994877815247, 0.7966452836990356, 0.7903717756271362]"
467,279,"[87, 80, 291]","[80, 201, 1, 75, 82]","[0.8635715246200562, 0.8599408864974976, 0.8287875652313232, 0.8176258206367493, 0.8130106925964355]"
468,280,"[405, 169, 35]","[31, 65, 83, 35, 188]","[0.9848468899726868, 0.9703593254089355, 0.9581146240234375, 0.8917819261550903, 0.8693649768829346]"
469,281,"[170, 12, 313]","[2, 170, 309, 73, 66]","[0.9864338636398315, 0.965133786201477, 0.8763854503631592, 0.8719443678855896, 0.8441210389137268]"
470,284,"[40, 88, 6]","[6, 88, 40, 122, 52]","[0.9989264011383057, 0.9936975240707397, 0.9865466356277466, 0.9546910524368286, 0.7847497463226318]"
471,282,"[170, 1, 44]","[170, 1, 44, 382, 327]","[0.9743639230728149, 0.9735761880874634, 0.9616178274154663, 0.7438497543334961, 0.6730555295944214]"
472,285,"[86, 22, 171]","[24, 83, 171, 62, 66]","[0.8435349464416504, 0.7740758061408997, 0.7676438093185425, 0.7441378831863403, 0.7316805720329285]"
473,286,"[73, 309, 460]","[435, 309, 73, 436, 387]","[0.9734506607055664, 0.9377773404121399, 0.9325776696205139, 0.913110613822937, 0.8414133787155151]"
474,287,"[40, 6, 119]","[6, 119, 40, 435, 35]","[0.9982244968414307, 0.9971333742141724, 0.9807247519493103, 0.934593677520752, 0.8740026950836182]"
475,288,"[18, 29, 213]","[18, 29, 15, 66, 213]","[0.997687578201294, 0.9918027520179749, 0.9692981243133545, 0.8796236515045166, 0.8528740406036377]"
476,497,"[50, 119, 436]","[119, 436, 66, 151, 106]","[0.9931853413581848, 0.804865837097168, 0.7934520244598389, 0.7784320116043091, 0.7157394886016846]"
477,290,"[27, 54, 90]","[27, 90, 26, 54, 195]","[0.9963645339012146, 0.9775502681732178, 0.8994672298431396, 0.8379424810409546, 0.8123251795768738]"
478,291,"[12, 3, 68]","[68, 170, 134, 3, 91]","[0.9902356863021851, 0.9804614782333374, 0.9682744741439819, 0.9573588371276855, 0.9421572089195251]"
479,293,"[7, 246, 48]","[48, 7, 380, 213, 386]","[0.9877269268035889, 0.9630659222602844, 0.9327489137649536, 0.8973504304885864, 0.8659131526947021]"
480,294,"[167, 224, 4]","[28, 13, 76, 309, 95]","[0.9521406888961792, 0.8890290260314941, 0.8367129564285278, 0.8201242685317993, 0.6897130012512207]"
481,296,"[189, 5, 53]","[70, 77, 43, 30, 53]","[0.8721423149108887, 0.8194983005523682, 0.7765769958496094, 0.7672651410102844, 0.751995325088501]"
482,297,"[77, 65, 139]","[77, 65, 35, 66, 90]","[0.9606874585151672, 0.9603511095046997, 0.8323907852172852, 0.8179956078529358, 0.7733646631240845]"
483,301,"[439, 60, 8]","[8, 60, 14, 464, 12]","[0.9942471981048584, 0.9514956474304199, 0.9470520615577698, 0.9176079630851746, 0.847842812538147]"
484,691,"[164, 62, 465]","[88, 17, 30, 133, 382]","[0.999549925327301, 0.9991854429244995, 0.9991226196289062, 0.998812198638916, 0.9979912042617798]"
485,624,"[6, 33, 38]","[6, 38, 56, 327, 104]","[0.9998376369476318, 0.9998326301574707, 0.9985479116439819, 0.998503565788269, 0.9984578490257263]"
486,685,"[43, 6, 499]","[6, 80, 68, 82, 77]","[0.9997953176498413, 0.9994494318962097, 0.9994096755981445, 0.999150276184082, 0.9989675283432007]"
487,613,"[463, 68]","[68, 83, 464, 463, 134]","[0.9995001554489136, 0.9991743564605713, 0.9989553689956665, 0.9988691806793213, 0.9987398386001587]"
488,20,"[80, 178, 2]","[2, 80, 48, 13, 178]","[0.9769085645675659, 0.9592725038528442, 0.918843150138855, 0.878340482711792, 0.856511116027832]"
489,21,"[194, 223, 53]","[8, 88, 53, 43, 83]","[0.9880688786506653, 0.976697564125061, 0.9610716104507446, 0.9265016913414001, 0.9192330837249756]"
490,22,"[201, 381, 387]","[201, 80, 44, 66, 309]","[0.9204467535018921, 0.791811466217041, 0.6944778561592102, 0.6720782518386841, 0.6511443257331848]"
491,23,"[398, 381, 387]","[13, 156, 49, 381, 387]","[0.9820963740348816, 0.9404140710830688, 0.9130772352218628, 0.9103173017501831, 0.8834109306335449]"
492,26,"[60, 390, 21]","[21, 77, 60, 178, 62]","[0.9579951763153076, 0.935871422290802, 0.8592573404312134, 0.8069652318954468, 0.7633121609687805]"
493,24,"[63, 32, 5]","[80, 76, 62, 32, 87]","[0.9611131548881531, 0.8278182148933411, 0.8160714507102966, 0.7487975358963013, 0.693414568901062]"
494,25,"[96, 27, 87]","[27, 48, 435, 16, 156]","[0.9750049114227295, 0.9501093626022339, 0.914779543876648, 0.8833564519882202, 0.800365686416626]"
495,27,"[60, 123, 499]","[60, 123, 436, 256, 105]","[0.9902211427688599, 0.9889506101608276, 0.9793469905853271, 0.9470508098602295, 0.8699264526367188]"
496,28,"[177, 93, 150]","[93, 380, 104, 25, 381]","[0.8512438535690308, 0.8285530209541321, 0.8149286508560181, 0.7808327078819275, 0.7640638947486877]"
497,29,"[42, 78, 124]","[78, 124, 42, 95, 103]","[0.9951568841934204, 0.9900779128074646, 0.9259554147720337, 0.8526701927185059, 0.8008627891540527]"
498,30,"[68, 11, 439]","[68, 309, 95, 11, 439]","[0.9960172176361084, 0.9670628309249878, 0.9134366512298584, 0.860217809677124, 0.8472829461097717]"
499,31,"[77, 171, 213]","[77, 171, 213, 256, 101]","[0.9858478307723999, 0.9392409324645996, 0.83407062292099, 0.7517309188842773, 0.7362618446350098]"
500,32,"[13, 228, 5]","[13, 398, 473, 255, 5]","[0.9955183863639832, 0.9561113119125366, 0.9215799570083618, 0.9183211326599121, 0.9156500101089478]"
501,34,"[69, 164, 463]","[17, 463, 25, 174, 69]","[0.9843276739120483, 0.9712475538253784, 0.9207606315612793, 0.8754449486732483, 0.79557204246521]"
502,36,"[381, 78, 29]","[29, 78, 463, 66, 151]","[0.9896712899208069, 0.9895496368408203, 0.9043604731559753, 0.8709061741828918, 0.8157806396484375]"
503,37,"[68, 100, 89]","[100, 68, 26, 72, 61]","[0.967179536819458, 0.8783583641052246, 0.8021740913391113, 0.788614809513092, 0.761368989944458]"
504,39,"[71, 134, 100]","[100, 48, 134, 33, 66]","[0.9800057411193848, 0.9054749608039856, 0.8952924013137817, 0.8025874495506287, 0.7985244989395142]"
505,33,"[463, 119, 42]","[119, 463, 42, 23, 226]","[0.9948158860206604, 0.8900738954544067, 0.8232212066650391, 0.7961987257003784, 0.7225654125213623]"
506,35,"[400, 124, 498]","[124, 90, 49, 387, 439]","[0.9840582013130188, 0.8730903267860413, 0.8288021087646484, 0.7847238183021545, 0.7273460626602173]"
507,41,"[24, 436, 187]","[24, 436, 104, 256, 194]","[0.9898930788040161, 0.9663310050964355, 0.941580593585968, 0.9193887710571289, 0.8950035572052002]"
508,42,"[127, 465, 12]","[37, 40, 123, 14, 309]","[0.9817651510238647, 0.9794853925704956, 0.9499797224998474, 0.9452974796295166, 0.9052057266235352]"
509,44,"[379, 91, 15]","[15, 91, 35, 208, 179]","[0.9861351251602173, 0.9701253175735474, 0.957073986530304, 0.9058005213737488, 0.9024641513824463]"
510,40,"[170, 12, 68]","[68, 170, 19, 12, 206]","[0.9748338460922241, 0.973911702632904, 0.9478105306625366, 0.8398945331573486, 0.8287641406059265]"
511,47,"[89, 113, 155]","[89, 223, 26, 155, 52]","[0.9699865579605103, 0.9063962697982788, 0.895153284072876, 0.8370936512947083, 0.8322471380233765]"
512,43,"[464, 171, 100]","[100, 133, 171, 62, 35]","[0.9919371008872986, 0.9138771295547485, 0.8926798105239868, 0.88861083984375, 0.8601614236831665]"
513,48,"[150, 100, 2]","[2, 100, 123, 19, 15]","[0.9701955318450928, 0.9682912826538086, 0.8586158752441406, 0.8463855981826782, 0.8463207483291626]"
514,49,"[379, 6, 19]","[6, 19, 23, 52, 379]","[0.9984799027442932, 0.9606462717056274, 0.8083537220954895, 0.7437094449996948, 0.6721407175064087]"
515,50,"[124, 19, 54]","[124, 19, 134, 179, 106]","[0.9896777868270874, 0.9758816957473755, 0.9749010801315308, 0.820946216583252, 0.8165701031684875]"
516,51,"[15, 61, 26]","[15, 61, 188, 26, 101]","[0.9880127906799316, 0.9631471633911133, 0.9521132707595825, 0.9101437330245972, 0.8853031396865845]"
517,52,"[8, 62, 40]","[8, 40, 122, 33, 62]","[0.9983710646629333, 0.99360191822052, 0.9773045778274536, 0.9677303433418274, 0.9657771587371826]"
518,53,"[187, 156, 351]","[156, 63, 12, 223, 167]","[0.8600841164588928, 0.8248595595359802, 0.7978419065475464, 0.7831106185913086, 0.7635612487792969]"
519,54,"[164, 124, 38]","[38, 170, 124, 160, 72]","[0.9968634843826294, 0.9617253541946411, 0.9504075050354004, 0.9178898334503174, 0.8297886848449707]"
520,55,"[224, 130, 213]","[213, 12, 130, 11, 355]","[0.9481260180473328, 0.9333876967430115, 0.8890788555145264, 0.8709031343460083, 0.8569577932357788]"
521,56,"[73, 299, 3]","[3, 436, 73, 23, 380]","[0.904363214969635, 0.8497562408447266, 0.8391612768173218, 0.8296288251876831, 0.8286712169647217]"
522,57,"[439, 25, 53]","[53, 83, 464, 25, 174]","[0.9458446502685547, 0.8266067504882812, 0.801712155342102, 0.7932929992675781, 0.7853240966796875]"
523,59,"[435, 21, 70]","[21, 70, 65, 28, 77]","[0.9599335193634033, 0.949842095375061, 0.9458343982696533, 0.9383858442306519, 0.9350581169128418]"
524,58,"[164, 14, 15]","[14, 15, 35, 127, 62]","[0.9417036771774292, 0.9355127811431885, 0.8461159467697144, 0.8441613912582397, 0.8291558027267456]"
525,60,"[6, 471, 27]","[6, 27, 63, 387, 224]","[0.9995933771133423, 0.9984780550003052, 0.979637861251831, 0.9673172235488892, 0.9290239214897156]"
526,61,"[256, 19, 119]","[119, 19, 39, 104, 256]","[0.9987090826034546, 0.985669732093811, 0.9455159902572632, 0.9228169918060303, 0.8925145864486694]"
527,62,"[208, 48, 88]","[88, 48, 127, 208, 256]","[0.993139922618866, 0.9867700934410095, 0.9366687536239624, 0.8909072875976562, 0.854806661605835]"
528,63,"[5, 170, 12]","[70, 75, 170, 39, 42]","[0.9951933026313782, 0.9853437542915344, 0.9820405840873718, 0.9010773301124573, 0.884399950504303]"
529,64,"[95, 152, 6]","[6, 127, 95, 26, 103]","[0.9992148876190186, 0.9654388427734375, 0.904525637626648, 0.9004323482513428, 0.8703144192695618]"
530,65,"[213, 281, 464]","[77, 40, 309, 33, 464]","[0.9174234867095947, 0.9174050688743591, 0.7519321441650391, 0.7423698902130127, 0.7293664216995239]"
531,66,"[68, 14, 21]","[21, 68, 14, 90, 103]","[0.9923878312110901, 0.987934947013855, 0.968309760093689, 0.8824719190597534, 0.7650236487388611]"
532,68,"[100, 71, 136]","[100, 136, 160, 48, 13]","[0.9538617134094238, 0.9478029012680054, 0.850383996963501, 0.8164511322975159, 0.773381233215332]"
533,69,"[181, 379, 380]","[380, 39, 101, 194, 199]","[0.9494686126708984, 0.9443047046661377, 0.9062186479568481, 0.8983821272850037, 0.8945040106773376]"
534,67,"[68, 3, 171]","[68, 3, 134, 72, 122]","[0.9293351173400879, 0.9083271622657776, 0.8936951160430908, 0.8378437757492065, 0.8142033219337463]"
535,71,"[161, 143, 118]","[161, 118, 11, 54, 454]","[0.9319359064102173, 0.927167534828186, 0.7815637588500977, 0.7520421743392944, 0.7283849120140076]"
536,73,"[40, 285, 124]","[124, 40, 464, 188, 56]","[0.9809491038322449, 0.9663989543914795, 0.9506881237030029, 0.8791521191596985, 0.8590830564498901]"
537,74,"[224, 107, 55]","[55, 123, 64, 224, 52]","[0.9919402003288269, 0.981067419052124, 0.8723481893539429, 0.8703715205192566, 0.8357763290405273]"
538,72,"[84, 18, 68]","[18, 8, 84, 88, 65]","[0.9817533493041992, 0.9627982378005981, 0.9617919921875, 0.930546760559082, 0.8972036838531494]"
539,76,"[40, 130, 55]","[173, 170, 40, 55, 133]","[0.9925307035446167, 0.9835774302482605, 0.9800837635993958, 0.9744712114334106, 0.9647070169448853]"
540,77,"[68, 173, 155]","[173, 68, 89, 56, 52]","[0.9947625398635864, 0.990731954574585, 0.9002256393432617, 0.8285571932792664, 0.8048540353775024]"
541,78,"[276, 55, 186]","[88, 55, 178, 42, 23]","[0.9807215929031372, 0.9582523703575134, 0.9037265777587891, 0.8670471906661987, 0.8572000861167908]"
542,75,"[69, 96, 70]","[43, 170, 88, 70, 160]","[0.741254448890686, 0.7398176193237305, 0.7136182188987732, 0.6948427557945251, 0.6478183269500732]"
543,79,"[33, 39, 137]","[13, 33, 118, 39, 106]","[0.9764117002487183, 0.9416374564170837, 0.928726077079773, 0.9259465336799622, 0.8797827363014221]"
544,81,"[3, 73, 309]","[3, 309, 73, 89, 56]","[0.9917159080505371, 0.9804363250732422, 0.9781711101531982, 0.9690631628036499, 0.9430071115493774]"
545,83,"[167, 381, 34]","[381, 167, 86, 189, 209]","[0.898582935333252, 0.851590096950531, 0.814498782157898, 0.6729604005813599, 0.6471941471099854]"
546,80,"[84, 389, 12]","[84, 160, 15, 13, 12]","[0.9817433953285217, 0.895136296749115, 0.8718818426132202, 0.847964882850647, 0.7827439308166504]"
547,84,"[38, 6, 470]","[6, 38, 84, 8, 201]","[0.9963210821151733, 0.9962186813354492, 0.988021969795227, 0.9878549575805664, 0.9762789607048035]"
548,85,"[68, 13, 44]","[68, 44, 13, 32, 90]","[0.9888114929199219, 0.9758852124214172, 0.9656146764755249, 0.9400722980499268, 0.924049973487854]"
549,87,"[170, 12, 40]","[40, 170, 3, 123, 12]","[0.9882950186729431, 0.9881206750869751, 0.9756838083267212, 0.970942497253418, 0.9040719866752625]"
550,88,"[174, 60, 169]","[60, 464, 463, 26, 174]","[0.9646048545837402, 0.9206936359405518, 0.8988564014434814, 0.8830403089523315, 0.8681384325027466]"
551,90,"[77, 136, 43]","[136, 77, 43, 63, 86]","[0.9970214366912842, 0.993474543094635, 0.988269567489624, 0.8859102725982666, 0.8557512760162354]"
552,91,"[86, 24, 17]","[17, 24, 226, 174, 86]","[0.977225661277771, 0.9710177183151245, 0.8308322429656982, 0.8306499123573303, 0.7809528708457947]"
553,92,"[72, 498, 40]","[40, 1, 17, 72, 188]","[0.9679344892501831, 0.9496167302131653, 0.9259175062179565, 0.8863646984100342, 0.8131910562515259]"
554,93,"[435, 223, 27]","[27, 435, 151, 223, 208]","[0.9524438381195068, 0.8609969615936279, 0.6934316754341125, 0.6897546648979187, 0.6375972032546997]"
555,94,"[100, 119, 123]","[119, 100, 123, 66, 26]","[0.996099591255188, 0.989224910736084, 0.9276894927024841, 0.8576576113700867, 0.842961311340332]"
556,96,"[174, 119, 39]","[119, 39, 174, 179, 327]","[0.9990083575248718, 0.9572010040283203, 0.9187348484992981, 0.9171146750450134, 0.9063258767127991]"
557,70,"[28, 38, 75]","[38, 75, 28, 87, 25]","[0.9991384744644165, 0.9929674863815308, 0.9917922019958496, 0.957842230796814, 0.9361379742622375]"
558,97,"[167, 60, 68]","[68, 60, 167, 194, 4]","[0.993323802947998, 0.9794192314147949, 0.8457573652267456, 0.8018319606781006, 0.6646226644515991]"
559,99,"[6, 38, 119]","[6, 38, 119, 75, 24]","[0.9979561567306519, 0.9979273676872253, 0.9966610670089722, 0.9768058657646179, 0.9473094940185547]"
560,100,"[40, 17, 124]","[124, 40, 17, 464, 463]","[0.978652834892273, 0.9783117771148682, 0.9523899555206299, 0.8957005739212036, 0.8699124455451965]"
561,98,"[139, 119, 381]","[119, 122, 33, 89, 93]","[0.9973777532577515, 0.9339698553085327, 0.9074469804763794, 0.8654735088348389, 0.86440509557724]"
562,101,"[40, 6, 38]","[6, 38, 40, 24, 60]","[0.9984080195426941, 0.9983705282211304, 0.9785926342010498, 0.962469220161438, 0.9588271379470825]"
563,103,"[119, 380, 28]","[119, 28, 380, 25, 101]","[0.9989608526229858, 0.9936791658401489, 0.9565724730491638, 0.9491820335388184, 0.9169437885284424]"
564,86,"[119, 467, 150]","[119, 13, 171, 12, 174]","[0.9973088502883911, 0.9397280216217041, 0.9050270318984985, 0.8624492883682251, 0.8443928956985474]"
565,104,"[18, 124, 54]","[18, 124, 48, 178, 17]","[0.9737318754196167, 0.8461270332336426, 0.6854616403579712, 0.6809240579605103, 0.6776052713394165]"
566,107,"[43, 27, 82]","[27, 82, 43, 49, 179]","[0.9780887365341187, 0.9700472354888916, 0.9510138034820557, 0.7488750219345093, 0.6486472487449646]"
567,108,"[216, 388, 14]","[14, 60, 118, 23, 56]","[0.9638916254043579, 0.9475721120834351, 0.8678854703903198, 0.8641843795776367, 0.8446047306060791]"
568,109,"[68, 14, 269]","[68, 14, 309, 73, 62]","[0.9898093938827515, 0.977724552154541, 0.9222262501716614, 0.9187555909156799, 0.9165627956390381]"
569,112,"[68, 185, 6]","[6, 8, 68, 151, 226]","[0.9990315437316895, 0.99722820520401, 0.991294264793396, 0.8993556499481201, 0.8451998233795166]"
570,114,"[65, 170, 380]","[65, 170, 87, 89, 42]","[0.9899289608001709, 0.9892086982727051, 0.9314634203910828, 0.9299490451812744, 0.9296176433563232]"
571,95,"[89, 213, 86]","[100, 2, 40, 77, 53]","[0.9076932668685913, 0.8948817849159241, 0.8452678918838501, 0.8373848795890808, 0.7926627397537231]"
572,116,"[83, 40, 136]","[136, 124, 40, 15, 91]","[0.9932780265808105, 0.9871919751167297, 0.986782431602478, 0.9699599742889404, 0.9561553001403809]"
573,117,"[80, 379, 380]","[80, 1, 37, 17, 435]","[0.9784401655197144, 0.9675713777542114, 0.9581629037857056, 0.9430786371231079, 0.9275757074356079]"
574,106,"[86, 171, 187]","[29, 123, 309, 171, 14]","[0.9661636352539062, 0.8668731451034546, 0.7926017045974731, 0.7667813301086426, 0.7578820586204529]"
575,119,"[80, 92, 133]","[80, 133, 56, 208, 179]","[0.9910690784454346, 0.9583594799041748, 0.8456946611404419, 0.8346596360206604, 0.8245506286621094]"
576,121,"[123, 202, 80]","[80, 123, 213, 132, 22]","[0.9967446327209473, 0.9840923547744751, 0.9532275199890137, 0.9480665922164917, 0.9131051301956177]"
577,122,"[80, 14, 149]","[80, 14, 213, 101, 149]","[0.9944778084754944, 0.9846805334091187, 0.9042235612869263, 0.8715649843215942, 0.7802107334136963]"
578,105,"[40, 6, 136]","[6, 136, 40, 382, 381]","[0.9987950325012207, 0.9940882921218872, 0.9806235432624817, 0.9161838293075562, 0.8884182572364807]"
579,125,"[175, 40, 77]","[77, 40, 151, 49, 179]","[0.9786089658737183, 0.9721453785896301, 0.8638357520103455, 0.8353381156921387, 0.8220440149307251]"
580,126,"[124, 22, 14]","[124, 14, 90, 22, 7]","[0.982693076133728, 0.9551694393157959, 0.8500933647155762, 0.8301235437393188, 0.7908933758735657]"
581,110,"[42, 435, 53]","[40, 53, 1, 72, 435]","[0.94488525390625, 0.8718740940093994, 0.8309935927391052, 0.7607405185699463, 0.7592475414276123]"
582,127,"[6, 3, 68]","[6, 68, 3, 185, 11]","[0.9993566274642944, 0.9961843490600586, 0.9850096702575684, 0.8718615770339966, 0.8647337555885315]"
583,129,"[80, 436, 100]","[100, 88, 80, 43, 127]","[0.995365560054779, 0.9892406463623047, 0.9876404404640198, 0.9643169641494751, 0.8959161043167114]"
584,115,"[8, 38, 31]","[38, 8, 31, 134, 60]","[0.9972060918807983, 0.9911161661148071, 0.9825261235237122, 0.9337917566299438, 0.929924488067627]"
585,118,"[17, 71, 123]","[88, 43, 123, 17, 13]","[0.95782870054245, 0.9128188490867615, 0.8602294325828552, 0.8579496145248413, 0.8353618383407593]"
586,120,"[451, 53, 28]","[28, 53, 309, 66, 39]","[0.9628967046737671, 0.9490382671356201, 0.8366953134536743, 0.8163453340530396, 0.8053176403045654]"
587,124,"[400, 61, 62]","[170, 133, 91, 61, 62]","[0.9737669825553894, 0.9502576589584351, 0.9254605770111084, 0.9065969586372375, 0.8941650986671448]"
588,143,"[82, 134, 88]","[88, 75, 82, 134, 87]","[0.9950826168060303, 0.9917020201683044, 0.9914257526397705, 0.9807101488113403, 0.942369818687439]"
589,128,"[12, 100, 33]","[100, 33, 35, 12, 156]","[0.9974018931388855, 0.952146053314209, 0.9446372985839844, 0.9255801439285278, 0.9207885265350342]"
590,147,"[498, 254, 75]","[75, 35, 381, 161, 103]","[0.985118567943573, 0.9174785614013672, 0.8445022106170654, 0.8053995370864868, 0.758715033531189]"
591,155,"[451, 289, 174]","[30, 24, 72, 61, 26]","[0.9222956895828247, 0.8737722635269165, 0.8205904960632324, 0.7876238822937012, 0.7850083112716675]"
592,131,"[78, 27, 25]","[78, 27, 160, 435, 14]","[0.9910974502563477, 0.9874904155731201, 0.9614524841308594, 0.9460369348526001, 0.9370042681694031]"
593,163,"[211, 75, 68]","[75, 37, 68, 60, 160]","[0.9349749684333801, 0.9342585802078247, 0.9310778379440308, 0.8688549995422363, 0.8571059107780457]"
594,164,"[68, 55, 1]","[18, 88, 68, 75, 82]","[0.9860535264015198, 0.9424742460250854, 0.916096031665802, 0.91214919090271, 0.9101077318191528]"
595,137,"[54, 134, 135]","[14, 464, 13, 134, 3]","[0.8648597002029419, 0.8249067664146423, 0.8235315680503845, 0.8230334520339966, 0.7924830913543701]"
596,111,"[68, 170, 289]","[124, 68, 170, 1, 13]","[0.9720426797866821, 0.970881462097168, 0.9663583040237427, 0.9647121429443359, 0.927858293056488]"
597,177,"[68, 455, 3]","[68, 3, 160, 59, 223]","[0.9645018577575684, 0.9353585839271545, 0.9229174852371216, 0.7894688844680786, 0.7714979648590088]"
598,158,"[14, 463, 91]","[14, 463, 123, 122, 91]","[0.9878929853439331, 0.9792122840881348, 0.9760581254959106, 0.9726801514625549, 0.963747501373291]"
599,185,"[100, 65, 149]","[100, 77, 65, 435, 309]","[0.995964765548706, 0.9843875765800476, 0.9841570854187012, 0.9603575468063354, 0.9211199283599854]"
600,148,"[309, 59]","[124, 44, 24, 26, 48]","[0.8233972191810608, 0.7275563478469849, 0.722476601600647, 0.7122611999511719, 0.6963141560554504]"
601,149,"[6, 68, 73]","[6, 160, 134, 24, 68]","[0.9923904538154602, 0.8560934662818909, 0.7994718551635742, 0.762471079826355, 0.7548978328704834]"
602,191,"[93, 134, 0]","[201, 75, 48, 134, 93]","[0.9853173494338989, 0.9734178781509399, 0.9578738808631897, 0.9411594867706299, 0.7835894823074341]"
603,160,"[100, 78, 463]","[100, 78, 463, 33, 26]","[0.9954205751419067, 0.9917622804641724, 0.9197695255279541, 0.9095096588134766, 0.8479447960853577]"
604,162,"[14, 124, 18]","[18, 124, 60, 17, 33]","[0.9882264137268066, 0.9197096824645996, 0.855506420135498, 0.8222852945327759, 0.7465465068817139]"
605,187,"[435, 98, 55]","[55, 435, 464, 463, 76]","[0.9208393692970276, 0.9116672277450562, 0.9015475511550903, 0.8878918290138245, 0.8598687648773193]"
606,202,"[77, 163, 171]","[77, 171, 380, 226, 104]","[0.9869686365127563, 0.9496859312057495, 0.8760627508163452, 0.8233952522277832, 0.8086278438568115]"
607,207,"[68, 171, 6]","[6, 68, 171, 35, 174]","[0.9983239769935608, 0.9757456183433533, 0.9103078842163086, 0.881005048751831, 0.8450912237167358]"
608,219,"[213, 119, 23]","[119, 66, 90, 23, 49]","[0.998771607875824, 0.943449854850769, 0.9214959740638733, 0.9053037762641907, 0.8922660946846008]"
609,225,"[21, 463, 44]","[21, 30, 26, 60, 44]","[0.9282202124595642, 0.8086771368980408, 0.7377738356590271, 0.7325407266616821, 0.6845608949661255]"
610,233,"[100, 133, 6]","[6, 28, 100, 30, 134]","[0.9863431453704834, 0.8990504741668701, 0.870659351348877, 0.8089115023612976, 0.7151967287063599]"
611,248,"[38, 18, 6]","[38, 6, 18, 28, 173]","[0.9887480735778809, 0.9879319667816162, 0.9694093465805054, 0.9084203243255615, 0.8994993567466736]"
612,216,"[105, 93, 85]","[18, 40, 21, 65, 170]","[0.8503347635269165, 0.8209328651428223, 0.8023387789726257, 0.7797739505767822, 0.7201789617538452]"
613,259,"[14, 19, 52]","[19, 14, 223, 381, 52]","[0.9760204553604126, 0.9675065875053406, 0.8871310949325562, 0.8522078990936279, 0.8019288778305054]"
614,206,"[55, 12, 451]","[33, 12, 127, 55, 226]","[0.8859872817993164, 0.8630192279815674, 0.8411540389060974, 0.8136435151100159, 0.7089775204658508]"
615,264,"[164, 38, 29]","[38, 29, 48, 44, 15]","[0.9978822469711304, 0.9880235195159912, 0.9589730501174927, 0.954505443572998, 0.9460917711257935]"
616,274,"[60, 463, 55]","[60, 62, 55, 463, 12]","[0.9277023673057556, 0.8516833782196045, 0.8387894630432129, 0.8270853757858276, 0.8109984993934631]"
617,292,"[21, 38, 31]","[38, 31, 21, 201, 136]","[0.992053210735321, 0.9555327892303467, 0.95445716381073, 0.9524307250976562, 0.9462254643440247]"
618,295,"[95, 68, 62]","[68, 24, 89, 62, 104]","[0.9945619106292725, 0.9849992990493774, 0.9561421871185303, 0.9543043375015259, 0.9139794111251831]"
619,727,"[19, 68, 497]","[70, 8, 29, 88, 68]","[0.9994175434112549, 0.999362587928772, 0.9991554021835327, 0.9989855885505676, 0.9989123940467834]"
620,311,"[254, 68, 227]","[68, 28, 61, 33, 127]","[0.9709135293960571, 0.9628902673721313, 0.8529050946235657, 0.8500434160232544, 0.8428838849067688]"
621,266,"[8, 119, 21]","[119, 8, 21, 30, 24]","[0.9967381954193115, 0.9935979843139648, 0.9861620664596558, 0.9659929275512695, 0.9445791244506836]"
622,283,"[213, 7, 291]","[8, 31, 173, 37, 48]","[0.9175113439559937, 0.8676174879074097, 0.8628770112991333, 0.8112294673919678, 0.7871936559677124]"
623,278,"[89, 68, 284]","[68, 82, 188, 25, 89]","[0.8223930597305298, 0.8126829862594604, 0.625288188457489, 0.6143380403518677, 0.6053696870803833]"
624,289,"[134, 6, 181]","[6, 48, 134, 14, 90]","[0.9977027177810669, 0.9523964524269104, 0.9402916431427002, 0.9121875166893005, 0.730843186378479]"
625,298,"[63, 468, 187]","[33, 223, 382, 256, 86]","[0.9548768997192383, 0.9029322266578674, 0.8620431423187256, 0.8271627426147461, 0.7946168184280396]"
626,300,"[27, 6, 68]","[6, 27, 68, 48, 19]","[0.9908885955810547, 0.9088748693466187, 0.8471989631652832, 0.8144557476043701, 0.8020082712173462]"
627,299,"[89, 68, 370]","[68, 1, 134, 123, 133]","[0.9571951031684875, 0.9485551118850708, 0.9082085490226746, 0.8936378955841064, 0.8795665502548218]"
628,434,"[68, 73, 309]","[68, 77, 65, 55, 16]","[0.9580649137496948, 0.9489606618881226, 0.9477712512016296, 0.8798506259918213, 0.8634577393531799]"
629,348,"[136, 68, 156]","[136, 68, 24, 91, 12]","[0.9868619441986084, 0.9724801182746887, 0.9440160989761353, 0.9205119609832764, 0.8320059776306152]"
630,536,"[68, 394]","[68, 161, 380, 383, 213]","[0.9995850324630737, 0.9986379146575928, 0.9982690215110779, 0.9972078800201416, 0.9970579147338867]"
631,489,"[223, 114, 245]","[3, 48, 26, 12, 223]","[0.8863476514816284, 0.8612179160118103, 0.7592559456825256, 0.7451447248458862, 0.690359890460968]"
632,639,[119],"[119, 124, 48, 82, 44]","[0.9997048377990723, 0.9991504549980164, 0.9990952610969543, 0.9990484714508057, 0.9987533688545227]"
